brand_id,brand_name,scope_key
2053,160,cars
2054,180,cars
2055,220,cars
3181,2Wheels,cars
1958,AAK,cars
2682,ABB,cars
2683,ABB Asea Truck,cars
2684,ABG,cars
1175,ABM,cars
2057,ACMA,cars
1707,ACTM,cars
3073,ACV,cars
1708,ADER,cars
1181,ADVENTO,cars
2060,AG BAGGER,cars
2061,AG projekt,cars
1960,AGADOS,cars
1184,AGM,cars
2067,AGRICOLA,cars
2068,AGRIMAT,cars
2070,AGRIO,cars
2074,AGRO-LIFT,cars
2075,AGRO-TOM,cars
2076,AGROCLASS,cars
2077,AGRODAN,cars
2078,AGROFARMER,cars
2079,AGROLEAD,cars
2081,AGROMASH,cars
2084,AGRONIC,cars
2086,AGROVOLT,cars
3313,AGV,cars
1185,AJP,cars
1186,AJS,cars
1961,ALF,cars
1710,ALKOM,cars
2092,ALMAZ,cars
2094,ALPINA,cars
2096,ALTEC,cars
2691,AMKODOR,cars
1962,ANNABURGER,cars
1665,AODES,cars
2100,AP,cars
1194,APG,cars
2101,APV,cars
3319,ARMR,cars
1715,ATC,cars
1204,ATK,cars
1206,ATM,cars
2104,ATMP,cars
1207,ATV,cars
1208,ATX,cars
2106,AUSA,cars
1965,AUWARTER,cars
2108,AVANT,cars
2699,AVIA,cars
1209,AWO,cars
3320,AXO,cars
1176,Access,cars
1177,Access Motor,cars
2056,Accord,cars
1706,Acerbi-Viberti,cars
3312,Acerbis,cars
1959,Ackermann-Fruehauf,cars
2058,Acros,cars
1178,Adiva,cars
1179,Adler,cars
1180,Adly,cars
1709,Adria,cars
2059,Aebi,cars
1182,Aeon,cars
1183,Aermacchi,cars
3182,AeroBoard,cars
2062,Agjat,cars
2063,Agma,cars
2064,Agram,cars
2065,Agrex,cars
2066,Agria,cars
2069,Agrinova,cars
2071,Agrisem,cars
2072,Agritech,cars
2073,Agro-Factory,cars
2080,Agrolux,cars
2082,Agromasz,cars
2083,Agromehanika,cars
2085,Agropart,cars
2087,Ahlmann,cars
3003,Ahorn,cars
2685,Airmann,cars
3314,Airoh,cars
3183,Airwheel,cars
3074,Aiwa,cars
2686,Akerman,cars
3315,Akito,cars
2088,Akpil,cars
2944,Aktiv,cars
2687,Alfa-Romeo,cars
1187,Alfarad,cars
1188,Alfer,cars
2089,Alima,cars
2090,Allgaier,cars
2945,Allied,cars
2688,Allight,cars
2689,Allis,cars
2091,Allis chalmers,cars
2690,Allischalmers,cars
1711,Allrad,cars
2093,Alpego,cars
1189,Alpha,cars
3075,Alphard,cars
3316,Alpinestars,cars
2095,Alpler,cars
1190,Altis,cars
1191,Amazonas,cars
2097,Amazone,cars
2098,Amco Veba,cars
1192,American Eagle,cars
1712,Ammann,cars
2934,Ammann-Yanmar,cars
2099,Andrzej Namyslo,cars
1963,Anssems,cars
1193,Aodes,cars
1195,Apollo,cars
1196,Aprilia,cars
3317,Arai,cars
3004,Arca,cars
1197,Archive,cars
1198,Archive Motorcycle,cars
3184,Archos,cars
1199,Arctic Cat,cars
1200,Ardie,cars
1713,Ardor,cars
1201,Argo,cars
2692,Ariston,cars
3076,Arizona Eagle,cars
3318,Arlen Ness,cars
2102,ArmaTrac,cars
2935,Armanni,cars
2693,Armmani,cars
2694,Artison,cars
2695,Asea,cars
2936,Asea Truck,cars
1202,Asix,cars
1203,Askoll,cars
1964,Asnes,cars
1714,Astra,cars
3185,Atala,cars
1205,Atlant,cars
2103,Atlas,cars
2696,Atlet,cars
3077,Audio system,cars
3078,Audiobahn,cars
3079,Audison,cars
2105,Auksarankiai,cars
2697,Ausa,cars
1912,Autocar,cars
3005,Autoroller,cars
1716,Autosan,cars
3006,Autostar,cars
3080,Autotek,cars
2698,Autres,cars
2107,Auwarter,cars
1717,Avia,cars
3186,Avigo,cars
3007,Avondale,cars
2109,Axmann,cars
3081,Axton,cars
1210,Azel,cars
3008,BAILEY,cars
2114,BAL TB,cars
1718,BANNERT,cars
2116,BARGAM,cars
2703,BAUMAX,cars
2117,BBG,cars
2118,BCS,cars
2119,BE-FA,cars
2120,BECKER,cars
1217,BENDA,cars
1724,BERGERecotrail,cars
2126,BERRY,cars
2130,BISO,cars
2710,BKS,cars
2132,BKT,cars
2133,BLANCHARD,cars
1970,BLOMENROHR,cars
1666,BLUROC,cars
1229,BM,cars
2134,BM Tracktors,cars
1729,BMC,cars
1230,BMC Choppers,cars
2135,BMF,cars
1971,BOCKMANN,cars
2139,BOLKO,cars
2141,BOMET,cars
1972,BORO,cars
1235,BPG Werks,cars
1973,BRENTEX-TRAILER,cars
1237,BRIXTON,cars
3331,BROGER,cars
1974,BROSHUIS,cars
1238,BSA,cars
1975,BSS,cars
2716,BT,cars
3334,BY CITY,cars
2110,Baastrup,cars
2112,Badalini,cars
2700,Bagela,cars
2113,Bagramet,cars
1211,Bajaj,cars
2701,Baka,cars
2115,Balkancar,cars
1966,Baltic trailer,cars
1212,BamX,cars
1213,Baotian,cars
3187,Barbie,cars
1214,Barossa,cars
1967,Barthau,cars
1215,Barton,cars
1216,Bashan,cars
3082,Bass Face,cars
3083,Bass Habit,cars
3321,Bates,cars
2702,Baumann,cars
1719,Bavaria-Camp,cars
3009,Bawemo,cars
1968,Bazaltas,cars
3188,Beaster,cars
3189,Bebk,cars
3084,Becker,cars
1720,Bedford,cars
2121,Bednar,cars
2122,Belarus,cars
2704,Belati,cars
1721,Belaz,cars
2705,Bell,cars
2123,Bellon,cars
2124,Bellon Mit,cars
3322,Belstaff,cars
1722,Benalu,cars
1218,Benelli,cars
2706,Benford,cars
3010,Benimar,cars
2707,Benmac,cars
1219,Benzer,cars
1220,Benzhou,cars
2708,Berens / Beme,cars
1723,Berger,cars
2125,Bergmann,cars
3323,Berik,cars
3324,Bering,cars
1725,Berliet,cars
2127,Berthier,cars
2128,Berthoud,cars
1221,Beta,cars
1726,Beyerland,cars
2129,Biardzki,cars
1969,Bicchi,cars
3325,Bieffe,cars
1222,Bifei,cars
1223,Big Bear Choppers,cars
1224,Big Dog,cars
3085,Biltema,cars
3326,Biltwell,cars
3011,Bimobil,cars
1225,Bimota,cars
2947,Binderberger,cars
2709,Bitelli,cars
2131,Bizon,cars
3190,Bladez,cars
3086,Blaster,cars
1226,Blata,cars
3327,Blauer,cars
3087,Blaupunkt,cars
1227,Blinc,cars
1727,Blucamp,cars
3191,Bluefin,cars
1228,Bluroc,cars
1728,Blyss,cars
3328,Blytz,cars
2136,Bobcat,cars
1730,Bodex,cars
1731,Boeckmann,cars
2137,Bogballe,cars
2711,Bokimobil,cars
2138,Bolens,cars
3329,Bolle,cars
2712,Bolzoni,cars
2140,Bomag,cars
1231,Bombardier,cars
1232,Boom Trike Family,cars
1233,Borile,cars
3088,Boschmann,cars
2713,Boss,cars
1234,Boss Hoss,cars
3089,Boss audio systems,cars
1732,Bova,cars
3330,Box,cars
3090,Boxter,cars
1236,Bravo,cars
3091,Brax,cars
1913,Bremach,cars
1733,Brenderup,cars
2142,Brielmaier,cars
2143,Briggs&Stratton,cars
2144,Brimont,cars
2714,Brinkmann,cars
2715,Britruck,cars
2145,Brix,cars
1667,Brixton,cars
2146,Brochard,cars
1914,Brockway,cars
3332,Brubeck,cars
2948,Bruun,cars
1239,Bucci Moto,cars
2147,Bucher,cars
1240,Buell,cars
2148,Bugnot,cars
3092,Bull Audio,cars
2717,Bulli,cars
1241,Bullit,cars
3333,Bullson,cars
1242,Bultaco,cars
1976,Bunge,cars
2150,Bunning,cars
1734,Burg,cars
1735,Burnster,cars
3012,Burow,cars
2111,Bächt,cars
2149,Bührer,cars
3013,Bürstner,cars
3335,Büse,cars
2718,C&F,cars
3014,CA-MO-CAR,cars
2153,CAPTAIN,cars
2154,CARAVAGGI,cars
2156,CARONI,cars
2160,CASTLOADERS 40XD,cars
1247,CCM,cars
1248,CECTEK,cars
2165,CEMO,cars
2166,CERRUTI,cars
1249,CF,cars
1250,CFMOTO,cars
3338,CGM,cars
2168,CHERY,cars
1977,CHEVAL,cars
3193,CHIC,cars
2170,CHTZ,cars
3019,CI International,cars
3194,CIHA,cars
3339,CKX,cars
2171,COMANDER,cars
2730,COMPAIR,cars
1261,CPI,cars
1262,CR&S,cars
2731,CROSS,cars
1750,CS Reisemobile,cars
2733,CTC,cars
2734,CV,cars
2735,CVS Ferrari,cars
1265,CZ,cars
3336,Caberg,cars
3093,Cadence,cars
1243,Cagiva,cars
3094,Caliber,cars
3015,Camp-let,cars
1244,Campagna,cars
1245,Can-Am,cars
2151,CanAGRO,cars
2719,Cangaru,cars
2152,Cangini,cars
1246,Cannondale,cars
1915,Capacity Trucks,cars
1736,Caravelair,cars
2720,Carer,cars
2155,Cargo,cars
2721,Cargogrip,cars
1737,Carmosino,cars
1738,Carnehl,cars
3016,Caro,cars
2157,Carraro,cars
3017,Carthago,cars
2158,Caruelle,cars
2722,Cascade,cars
1739,Case,cars
2159,Castel Garden,cars
2161,Cat,cars
2162,Catarpillar,cars
1740,Caterpillar,cars
3192,Cavion,cars
2163,Celli,cars
2164,Celot,cars
3337,Centurion,cars
3095,Cerwin Vega,cars
2723,Cesab,cars
2167,Cestari,cars
1916,Challenger,cars
1251,Champ,cars
2724,Champion,cars
1252,Chang Jiang,cars
1741,Changhe,cars
1742,Chateau,cars
3018,Chausson,cars
1743,Chereau,cars
2725,Chicago Pneumatic,cars
2169,Chief,cars
1978,Chimpekas,cars
1744,Christ,cars
1668,Cirax,cars
1253,City-bike,cars
1254,Citycoco,cars
2949,Ckantex,cars
1745,Claas,cars
3096,Clarion,cars
1746,Clark,cars
2726,Climax,cars
1255,Clrax,cars
1256,Club Car,cars
1747,Cmt,cars
3020,Coachmen,cars
1257,Cobra Moto,cars
1748,Coldcar,cars
2727,Coles,cars
3195,Colorway,cars
2728,Combi,cars
2729,Combi Lift,cars
1258,Comfimax,cars
2172,Concept Perugini,cars
1749,Concorde,cars
1259,Confederate,cars
3340,Connelly,cars
1260,Cooper,cars
3341,Cortech,cars
2173,Country,cars
1669,Cpi,cars
2174,Craftsman,cars
2175,Cramer,cars
1917,Crane Carrier,cars
3196,Crisp,cars
3021,Cristall,cars
2732,Crown,cars
1263,Crowne,cars
3097,Crunch,cars
3197,Crussis,cars
1264,Cub Cadet,cars
2176,Cub cadet,cars
1751,Cummins,cars
3198,Currie,cars
3342,Cycle Spirit,cars
3199,Cyclops,cars
2177,CynkoMet,cars
2183,DANFOIL,cars
2184,DANGREVILLE,cars
2185,DAPA,cars
3098,DD Audio,cars
2189,DELIMBE,cars
2197,DINA,cars
2198,DK,cars
1277,DM Telai,cars
3347,DMD,cars
1981,DOLL,cars
2199,DOLMAR,cars
2200,DON,cars
2206,DRAMINSKI,cars
2207,DRM,cars
2209,DT,cars
2748,DT-75,cars
2211,DUKAT,cars
2750,DUMEC,cars
2753,DZ,cars
2754,DZ-100,cars
2755,DZ-122B,cars
2756,DZ-298-1,cars
2757,DZ-99,cars
2178,Dadieti,cars
2736,Daedong eng,cars
1266,Daelim,cars
1267,Dafier,cars
2179,Daimler Benz,cars
3343,Dainese,cars
2180,Dal-Bo,cars
2181,Dalbo,cars
2182,Dammann,cars
2737,Dan Truck,cars
1268,Dandy,cars
1979,Dapa,cars
2186,Daros Green,cars
2187,David Brown,cars
3344,Daytona,cars
2738,Deca,cars
1269,Defiant,cars
2188,Deguillaume,cars
3022,Dehler,cars
2190,Delmac,cars
1270,Delta,cars
2739,Demag,cars
1271,DemonX,cars
2740,Denka,cars
1752,Dennis,cars
3099,Denon,cars
3200,Denver,cars
1753,Depar,cars
1272,Derbi,cars
2741,Desta,cars
2191,Desvoys,cars
2742,Detas,cars
1754,Dethleffs,cars
2743,Detvan,cars
2937,Deutz,cars
2192,Deutz Agrotron,cars
2193,Deutz allis,cars
2194,Deutz-Fahr,cars
2195,Dewulf,cars
2196,Dexheimer,cars
1273,Diablo,cars
1274,Diabolini,cars
3345,Diadora,cars
1918,Diamond T,cars
2744,Dieci,cars
3346,Diesel,cars
1980,Dinkel,cars
1275,Dinli,cars
1276,Dirtmax,cars
2745,Ditch Witch,cars
3100,Dls,cars
1278,Dniepr,cars
1279,Donghai,cars
1280,Doohan,cars
2746,Doosan,cars
2202,Doppstad,cars
1281,Dorton,cars
2203,Doublet-record,cars
2204,Dowdeswell,cars
3348,Dr. Martens,cars
3349,Dragon,cars
1282,Dragster,cars
2205,Draining,cars
2747,Dressta,cars
3350,Drift,cars
2208,Dronningborg,cars
3351,Drudi,cars
1283,Ducar,cars
1284,Ducati,cars
3352,Duchinni,cars
3023,Due Erre,cars
2749,Dulevo,cars
2751,Durwan,cars
2752,Dynapac,cars
3101,Dynaudio,cars
2201,Dönder,cars
2210,Dücker,cars
3201,E-Go,cars
3202,E-Hart,cars
1285,E-MIO,cars
1286,E-RIDE,cars
3203,E-Scooter,cars
1287,E.V.A.,cars
2214,EF,cars
2215,EFGC,cars
1292,EGL Eglmotor,cars
1293,EGL Moto,cars
2219,EKKO,cars
2220,EKO-TECH,cars
3353,EKS Brand,cars
1299,EMCO,cars
2952,EMI,cars
2223,EMILY,cars
1756,EMTECH,cars
2760,ENZO,cars
2224,EO,cars
2225,EPOCHE,cars
2226,EPOKE,cars
2227,ESMA,cars
3105,ESX,cars
2762,ETEC,cars
2763,ETVO,cars
3209,ETWOW,cars
2229,EURO-MASZ,cars
2230,EUROSYSTEMS,cars
3028,EVM,cars
3211,EVO,cars
2232,EXACT,cars
2233,EXPOM,cars
3212,EZ,cars
2212,Early Bird,cars
3102,Earthquake,cars
1288,Easycool,cars
1289,Eccho,cars
1290,Eccity,cars
2950,Echo,cars
2951,Eco Log,cars
3204,EcoReco,cars
2213,Edenhall,cars
2758,Eder,cars
3103,Edge,cars
1982,Eduard,cars
1291,Efun,cars
1670,Egimotor,cars
1294,Eglmotor,cars
3205,Egret,cars
2216,Eicher,cars
1755,Eifelland,cars
2217,Einböck,cars
2218,Ekiw,cars
3206,EkoRide,cars
1295,Ekomoto,cars
1296,Electric Motion,cars
2759,Electricar,cars
1297,Electron,cars
1298,Elegant,cars
2221,Elho,cars
2222,Eliet,cars
3024,Elnagh,cars
3104,Emphaser,cars
1300,Energica,cars
1301,Enfield,cars
3207,Engwe,cars
1302,Enticer,cars
3025,Eriba,cars
2761,Esslingen,cars
3026,Esterel,cars
3208,Eswing,cars
2228,Etesia,cars
3106,Eton,cars
2764,Euclid,cars
1757,Eura,cars
1758,Euramobil,cars
3027,Euro Liner,cars
1759,Eurobody,cars
1303,Eurocka,cars
2765,Eurocomach,cars
3210,Evercross,cars
3107,Evir,cars
2231,Evr,cars
1304,Evrard,cars
3354,Evs,cars
3108,Excursion,cars
1306,Explorer,cars
2766,Extec,cars
1983,F.C.,cars
3213,F1,cars
3214,F1 Max,cars
3215,F2,cars
3216,F3,cars
3217,F3 Max,cars
3218,F4,cars
3219,F5,cars
3220,F5 Max,cars
3221,F6,cars
3222,F7,cars
1985,FB,cars
1312,FB Mondial,cars
1671,FB mondial,cars
2771,FENDT,cars
3029,FFB-Tabbert,cars
1986,FISCHER,cars
2776,FISKARS,cars
3359,FLM,cars
2238,FM,cars
2778,FMG,cars
1317,FN,cars
1919,FWD,cars
1322,FYM,cars
2767,Faba,cars
1307,Fabrikat,cars
2953,Fabtek,cars
1308,Factory,cars
1309,Factory Bike,cars
1984,Fahrzeugbau,cars
2768,Faim,cars
3355,Falco,cars
1310,Fantic,cars
2769,Fantuzzi,cars
3109,Farenheit,cars
2770,Faresin,cars
2954,Farma,cars
2955,Farmi,cars
2956,Farmi-Trac,cars
1760,Faro,cars
1311,Faspider,cars
1920,Faun,cars
1761,Feber-InterCars,cars
2957,Fendt,cars
1762,Fermec,cars
1313,Ferro,cars
2772,Fiat-Hitachi,cars
2773,Fiat-Kobelco,cars
2234,Fiatagri,cars
2774,Fibointercon,cars
3356,Fieldsheer,cars
3223,Fiido,cars
2235,Fimaks,cars
2775,Fimsa,cars
1314,Fine Custom Mechanics,cars
2236,Finish Mower,cars
2958,Finn Trac,cars
2237,Fiona,cars
3357,Firefox,cars
1315,Fischer,cars
3224,Fit4home,cars
3358,Five,cars
3030,Fleetwood,cars
1763,Fliegl,cars
2777,Flipscreen,cars
3360,Fly,cars
1316,Flyrite Choppers,cars
3361,Fm,cars
2239,Fma,cars
3110,Focal,cars
1921,Foden,cars
3362,Forcefield,cars
3031,Ford / Reimo,cars
3363,Forma,cars
1318,Forsage,cars
2240,Fortschritt,cars
1319,Fosti,cars
3111,Four Connect,cars
3364,Fox,cars
1987,Fracht,cars
3365,Frank Thomas,cars
1764,Frankia,cars
2959,Franklin,cars
2241,Fransgard,cars
2242,Fraugde,cars
3225,Freego,cars
1765,Freightliner,cars
1766,Frendt,cars
2779,Frenzen,cars
1767,Fruehauf,cars
3226,Frugal,cars
2243,Fuchs,cars
2244,Furukawa,cars
3366,Furygan,cars
1320,Futong,cars
1321,Fuxin,cars
1323,G max,cars
1324,G&G,cars
3367,G-Mac,cars
2245,G.T. Bunning&Sons,cars
2249,GARANT,cars
3112,GARMIN,cars
3113,GAS,cars
2251,GAUJAC,cars
1328,GB Motors,cars
2253,GEO,cars
2255,GF Gordini,cars
2257,GIRO,cars
1989,GM,cars
1990,GMF,cars
2262,GRASS-ROL,cars
3231,GT Scooter,cars
2270,GUST,cars
1334,GX moto,cars
3368,Gaerne,cars
2246,Gala,cars
2247,Galfre,cars
2248,Gallignani,cars
1325,Garelli,cars
1326,Gas Gas,cars
2250,Gaspardo,cars
1327,Gateway,cars
1768,Gaz,cars
3227,GeekMe,cars
2780,Gehl,cars
2781,Gehlmax,cars
2782,Gekinger,cars
1988,General,cars
2783,General Motors,cars
1329,Generic,cars
2784,Genie,cars
2252,Genys,cars
3369,Gerbing,cars
3370,Germot,cars
2254,Geyer&Hosaja,cars
1330,Ghezzi Brian,cars
1672,Ghezzi-Brian,cars
1331,Gilera,cars
1922,Ginaf,cars
2256,Girard,cars
3371,Givi,cars
3114,Gladen,cars
3032,GlobeCar,cars
3228,Go-Ped,cars
3229,GoBoard,cars
1332,Goes,cars
1991,Goldhofer,cars
2258,Goldoni,cars
2259,Golta,cars
3230,Gotrax,cars
2785,Gottwald,cars
2260,Gourdin,cars
1333,Govecs,cars
2261,Goweil,cars
2786,Grabenmeister,cars
2787,Gradall,cars
1769,Granalu,cars
3033,Granduca,cars
1770,Grappar,cars
1771,Gras,cars
1772,Gray&Adams,cars
2263,Great Plains,cars
2264,Greenland,cars
2265,Gregoire,cars
2266,Gregoire-Besson,cars
2960,Gremo,cars
3372,Grex,cars
2267,Grimme,cars
3115,Ground Zero,cars
1773,Grove,cars
3116,Grundig,cars
2268,Gruse,cars
2269,Gueldner,cars
2271,Guttlet,cars
2279,HARDOX,cars
2281,HATTAT,cars
2790,HBM,cars
2283,HC,cars
2791,HDD,cars
2285,HECHT,cars
1994,HFR,cars
2288,HIAB,cars
3379,HJC,cars
1346,HM,cars
1995,HNH Engineering,cars
2292,HOLMER,cars
1673,HORWIN,cars
3234,HOVERZON,cars
2296,HUBTEX,cars
1350,HUONIAO,cars
2299,HUSTLER,cars
2802,HZS,cars
2272,Hagedorn/Wiesent,cars
2273,Hakki Pilke,cars
2274,Hako,cars
2788,Halla,cars
3373,Halvarssons,cars
3232,Hama,cars
2275,Hamm,cars
2938,Hangcha,cars
2789,Hanix,cars
2276,Hankmo,cars
2277,Hanomag,cars
1335,Hanway,cars
1336,Haojin,cars
1992,Hapert,cars
2278,Hardi,cars
1337,Harley-Davidson,cars
3374,Harro,cars
1338,Hartford,cars
2280,Hassia,cars
2282,Hatzenbichler,cars
1339,Hawk,cars
2284,He-va,cars
3375,Hebo,cars
1340,Hecht,cars
2792,Heden,cars
3034,Hehn,cars
3376,Hein Gericke,cars
1993,Heinemann,cars
3035,Heku,cars
3377,Held,cars
2793,Heli,cars
3117,Helix,cars
2961,Hemek,cars
1774,Hendricks,cars
1923,Hendrickson,cars
1341,Hercules,cars
2794,Herculift,cars
1775,Hermanns,cars
1342,Hero,cars
3118,Hertz,cars
2286,Hesston,cars
2287,Hexagona,cars
2795,Hidromek,cars
3119,Hifonics,cars
1343,Highland,cars
1344,Highper,cars
3378,Highway 1,cars
2289,Hill Cat,cars
1345,Himoto,cars
1924,Hino,cars
1925,Hino USA,cars
2290,Hinomoto,cars
2796,Hinowa,cars
2797,Hitachi,cars
1776,Hobby,cars
1777,Hobur,cars
1996,Hoffmann,cars
2291,Holder,cars
3036,Holiday Rambler,cars
3120,Hollywood,cars
2293,Holso,cars
1778,Home-Car,cars
1347,Honling,cars
1348,Horex,cars
2294,Horsch,cars
1349,Horwin,cars
3233,Hover-1,cars
2295,Howard,cars
3235,HowerKart,cars
1779,Hubiere,cars
2798,Hubtex,cars
2297,Huddig,cars
2962,Hudik,cars
2963,Hultdins,cars
1780,Humbaur,cars
1351,Husaberg,cars
1352,Husqvarna,cars
2300,Hydramet,cars
2799,Hydrema,cars
2800,Hydrolift,cars
3037,Hymer,cars
1781,Hymer-Eriba,cars
2301,Hymix,cars
1353,Hyosung,cars
1782,Hyster,cars
2801,Hytrack,cars
1997,Hüffermann,cars
2298,Hürlimann,cars
3038,IGMA,cars
1354,IKUDZO,cars
1355,IMF,cars
2304,IMPLEMEX,cars
3381,IMS,cars
3382,INDIAN,cars
2305,INO,cars
3239,IO Hawk,cars
1358,IRBIS,cars
2309,IRION,cars
1999,ISI,cars
3383,IXON,cars
3384,IXS,cars
3236,Icewheel,cars
3380,Icon,cars
1783,Ifa,cars
1998,Ifor,cars
2302,Igland,cars
1784,Ihimer,cars
1785,Ikarus,cars
2303,Imants,cars
3237,InMotion,cars
1356,Inca,cars
1357,Indian,cars
1674,Indian Challenger,cars
1675,Indian FTR,cars
1676,Indian Pursuit,cars
1677,Indian Springfield,cars
1678,Indian Super Chief,cars
3121,Infinity,cars
2803,Ingersoll,cars
3238,Inokim,cars
2306,Inter-Tech,cars
2307,Intho,cars
2308,Inventor,cars
2804,Irion,cars
1786,Irisbus,cars
1787,Irizar,cars
2310,Iron Car,cars
1359,Iron Horse,cars
2311,Irtem,cars
2312,Iseki,cars
1360,Italjet,cars
2805,Italmacchine,cars
3122,Ivolga,cars
1361,Izh,cars
3123,JBL,cars
1789,JCB,cars
2318,JE-MA,cars
2321,JENISEJ,cars
2323,JF,cars
2324,JFC,cars
2325,JINMA,cars
2326,JK Machinery,cars
3124,JL audio,cars
2327,JLG,cars
1369,JM,cars
1370,JMC,cars
2332,JOSKIN,cars
2807,JSB,cars
1375,JTG,cars
2334,JUKO,cars
2335,JUMZ,cars
3125,JVC,cars
2337,JYMPA,cars
2313,Jabelmann,cars
2314,Jacobsen,cars
2315,Jagoda,cars
2316,Jan Barela,cars
1788,Janmil,cars
2317,Jar-Met,cars
1362,Jawa,cars
1363,Jawa CZ,cars
2319,Jean de bru,cars
2320,Jeantil,cars
1790,Jelcz,cars
2964,Jenz,cars
2322,Jeulin,cars
1364,Jialing,cars
1365,Jianshe Yamaha,cars
1366,Jincheng,cars
1367,Jinlun,cars
1368,Jinpeng,cars
3385,Jofama,cars
1371,John Deere,cars
3386,John Doe,cars
2328,John deere,cars
1372,Johnny Pag,cars
2329,Johnsten,cars
2806,Johnston Engineering,cars
2330,Jol-Met,cars
2331,Jonsered,cars
1373,Jordon,cars
1374,Journeyman,cars
2333,Jovaras,cars
3240,Joyor,cars
1376,Junak,cars
2336,Jungheinrich,cars
2338,KAAZ,cars
2342,KAWECO,cars
1679,KAYO,cars
3388,KENNY,cars
2344,KG,cars
1391,KIOTI,cars
2350,KIVI-PEKKA,cars
1392,KM,cars
1393,KMT MOTORS,cars
1394,KMZ,cars
1800,KNAUS,cars
2813,KOBIT,cars
2356,KOJA,cars
1396,KOVE,cars
1926,KRAZ,cars
2003,KROGER,cars
2366,KRONOS,cars
1399,KSR,cars
1400,KSR MOTO,cars
2004,KTS,cars
1401,KUBERG,cars
1402,KXD,cars
3393,KYT,cars
2339,Kaelble,cars
2808,Kaeser,cars
1791,Kaiser,cars
2340,Kalmar,cars
1927,KamAZ,cars
1792,Kamaz,cars
1377,Kandi,cars
1378,Kangda,cars
1379,Kanuni,cars
3387,Kappa,cars
3039,Karmann,cars
2341,Karmasz,cars
2000,Karo,cars
1793,Karosa,cars
1380,Karpat,cars
1928,Kassbohrer,cars
2809,Kato,cars
2810,Kaup,cars
1381,Kawasaki,cars
1382,Kaxa Motos,cars
1383,Kayo,cars
2811,Keestrack,cars
1384,Keeway,cars
1795,Kel-berg,cars
2343,Kemper,cars
1385,Kentoya,cars
3126,Kenwood,cars
1796,Kenworth,cars
1386,Keren,cars
1387,Kespor,cars
3241,Kettler,cars
3127,Kicker,cars
3128,Kicx,cars
2345,Kidd,cars
2346,Kimadan,cars
1797,King,cars
3242,Kingsong,cars
1388,Kingway,cars
1389,Kinlon Motors,cars
1390,Kinroad,cars
2347,Kinshofer,cars
2348,Kioti,cars
1798,Kip,cars
2349,Kirovets,cars
2351,Kleine,cars
2812,Klemm,cars
3389,Klim,cars
2352,Klimza,cars
1799,Knapen,cars
3040,Knaus,cars
3390,Knox,cars
2353,Kobelco,cars
2001,Koch,cars
3391,Kochmann,cars
2965,Kockums,cars
1801,Kogel,cars
2814,Koii –aap,cars
2357,Kola,cars
1395,Komar,cars
1802,Komatsu,cars
3392,Komine,cars
3243,Kona,cars
2358,Kongskilde,cars
2359,Koningsplanter,cars
2816,Kooi - aap,cars
3244,Koowheel,cars
2002,Kotschenreuther,cars
2360,Kowalski,cars
2361,Kpz,cars
1803,Kraker Trailers,cars
1804,Kramer,cars
1397,Kramit,cars
2362,Kranzle,cars
2363,Krause,cars
1805,Kraz,cars
1398,Kreidler,cars
2364,Krieger,cars
2365,Krolik,cars
1806,Krone,cars
2367,Krukowiak,cars
2817,Krupp,cars
2368,Kruszec,cars
2369,Kubota,cars
2370,Kuhn,cars
2371,Kurt,cars
2372,Kverneland,cars
2373,Kylings,cars
1403,Kymco,cars
2355,KÖHLER,cars
1794,Kässbohrer,cars
2354,Köckerling,cars
2815,König,cars
1807,LAG,cars
2375,LAGARDE,cars
3131,LG,cars
2967,LHM,cars
2821,LIAZ,cars
2008,LIBERTE,cars
2389,LIMPAR,cars
2824,LIVAKKA,cars
1417,LIYA,cars
1418,LIZZARD,cars
2393,LKMZ,cars
1814,LMC,cars
1419,LML,cars
2394,LMR Azene,cars
2395,LOCHMANN,cars
2397,LOVOL,cars
2398,LS Mtron,cars
3399,LS2,cars
2399,LTZ,cars
2400,LU,cars
3041,La Strada,cars
2374,Ladog,cars
2005,Lafaro,cars
2818,Lafis,cars
1808,Laika,cars
1809,Lamberet,cars
1404,Lambretta,cars
2376,Lamy,cars
2377,Landini,cars
2378,Landoll,cars
1810,Langendorf,cars
2006,Lansing,cars
1405,Lantana,cars
2379,Lanz,cars
3129,Lanzar,cars
2819,Larf,cars
1406,Lascari,cars
2380,Lauer,cars
2381,Laumetris,cars
1407,Laverda,cars
3394,Lazer,cars
1408,Lazio,cars
3395,Leatt,cars
2382,Leboulch,cars
2007,Leci,cars
2383,Legarde Vega,cars
1409,Legend,cars
2384,Legrand,cars
2385,Lehner,cars
2386,Lely,cars
3396,Lemans,cars
2387,Lemken,cars
3130,Lenco,cars
2820,Leningrad,cars
1410,Leonart,cars
2388,Lerin,cars
3397,Levior,cars
1411,Lexmoto,cars
1811,Liaz,cars
1812,Liebherr,cars
1412,Lifan,cars
2939,Lift,cars
2822,Lifter,cars
1813,Lifton,cars
2390,Linde,cars
2391,Lindner,cars
3398,Lindstrands,cars
1413,Lingben,cars
1414,Linhai,cars
1415,Linhai Yamaha,cars
1416,Lintex,cars
2392,Lisicki,cars
2823,LiuGong,cars
2825,Loc,cars
2826,Locust,cars
2968,Logbear,cars
2827,Logitrans,cars
2969,Loglander,cars
2970,Logman,cars
2971,Logset,cars
1815,Lohr,cars
2972,Lokomo,cars
2396,Lomborghini,cars
1420,Loncin,cars
1421,Longjia,cars
1816,Lublin,cars
2401,Lucas,cars
1422,Lucky Star,cars
2402,Luczak,cars
2828,Lugi,cars
2829,Lull,cars
1817,Luna,cars
1818,Lunar,cars
2830,Lvovo,cars
2966,Lännen,cars
3042,M+M Mobile,cars
2403,M-B,cars
2404,M-Rol,cars
1929,M1078 LMTV,cars
1819,MAC,cars
1424,MADEMOTO,cars
2406,MAM,cars
2407,MANDAM,cars
2409,MAR-POL,cars
2410,MARANGON,cars
2412,MARKO-POLO,cars
2414,MARS,cars
2418,MASSANO,cars
2836,MASSEY FERGUSON,cars
2940,MAST,cars
1824,MAX Trailer,cars
1930,MAZ,cars
2425,MAZZOTTI,cars
3135,MB Quart,cars
1433,MBK,cars
1434,MBP,cars
1435,MBS,cars
3137,MDS,cars
2010,MEILLER,cars
1931,MEILLER-KIPPER,cars
1828,MENCI,cars
2436,METAL-TECHNIK,cars
2438,METMEGA,cars
2843,MH-4,cars
2845,MIC,cars
3139,MIO,cars
1440,MM,cars
1441,MM3,cars
2442,MONTENEGRO,cars
2443,MOSA,cars
2444,MOSKIT,cars
1463,MP Korado,cars
3255,MPMAN,cars
3408,MT Helmets,cars
2850,MTS,cars
1464,MTT,cars
3142,MTX,cars
1833,MTZ,cars
2447,MURATORI,cars
2449,MV,cars
1469,MV AGUSTA,cars
1680,MV Agusta,cars
1470,MV Agusta Turismo Veloce,cars
1471,MZ,cars
1821,MaDo,cars
3132,MacAudio,cars
1423,Macbor,cars
2831,Mach,cars
1820,Mack,cars
3400,Macna,cars
3133,Macrom,cars
3401,Madhead,cars
2832,Maeda,cars
2833,Mafi,cars
1822,Magirus,cars
1932,Magirus Deutz,cars
3134,Magnat,cars
1425,Magni,cars
1426,Magpower,cars
1823,Magyar,cars
1427,Maico,cars
2405,Mailleux,cars
1428,Malaguti,cars
1429,Malanca,cars
2408,Manitou,cars
2834,Manitowoc,cars
3245,Manta,cars
2411,Marchner,cars
3246,Markboard,cars
1933,Marmon,cars
2413,Marolin,cars
2415,Marsk Stig,cars
2009,Martz,cars
3402,Marushin,cars
1430,Masai,cars
2835,Masalta,cars
2416,Mascar,cars
2417,Maschio,cars
1431,Mash,cars
2419,Massey,cars
2420,Mastercut,cars
2837,Matbro,cars
1432,Matchless,cars
2421,Mateng,cars
2422,MaterMacc,cars
2838,Matral,cars
2423,Matrot,cars
2839,Maveco,cars
1825,Maz,cars
2424,Mazogep,cars
3247,Mbike,cars
2427,McCULLOCH,cars
2426,McCormick,cars
3136,McHammer,cars
3043,McLouis,cars
2428,Mcfarlane,cars
2429,Mchale,cars
2430,Mcms,cars
2840,Mecmoter,cars
1826,Mega,cars
3248,Mega motion,cars
3138,Megakick,cars
3249,Megawheels,cars
1827,Meiller,cars
2431,Mengele,cars
2841,Menzi Muck,cars
2432,Meprozet,cars
2433,Meritano,cars
3403,Merlin,cars
2434,Merlo,cars
2842,Messersi,cars
2435,Metal-Fach,cars
2437,Metaltech,cars
1436,Metrakit,cars
2439,Metsis,cars
2011,Meusburger,cars
2012,Meyer,cars
2844,Miag,cars
3250,Micro Electronics,cars
1437,Midual,cars
1438,Mikilon,cars
1829,Miller,cars
2973,Mini bruunett,cars
1439,Minsk,cars
3044,Mirage,cars
2440,Miro Heywang,cars
1830,Mistrall,cars
1934,Mitsubishi Fuso,cars
3405,MoMo Design,cars
1831,Mobilvetta,cars
3404,Modeka,cars
2846,Moffett,cars
2013,Molgjer,cars
3251,Moma bikes,cars
3045,Monaco,cars
3140,Monacor,cars
3046,Moncayo,cars
1442,Mondial,cars
1443,Mondo Motors,cars
3252,Mongoose,cars
1444,Monkey,cars
2441,Monosem,cars
2847,Montabert,cars
1445,Montesa,cars
1832,Montracon,cars
3406,Moose Racing,cars
2848,Morawetz,cars
1446,Morbidelli,cars
3141,Morel,cars
1447,Mosca,cars
1448,Moser,cars
1449,Moto Guzzi,cars
1450,Moto Magnus,cars
1451,Moto Morini,cars
3253,MotoTec,cars
1452,Motobi,cars
1453,Motoland,cars
1454,Motolevo,cars
1455,Motomar,cars
1456,Motor hispania,cars
1457,Motorro,cars
1458,Mototrans,cars
1459,Motowell,cars
1460,Motrac,cars
1461,Motron,cars
3407,Motul,cars
3254,Motus,cars
1462,Mountain Max,cars
2849,Moxy,cars
2445,Mtd,cars
1468,MuZ,cars
1834,Multicar,cars
2851,Multione,cars
2446,Multiva,cars
1465,Munch,cars
1466,Muravej,cars
2448,Murray,cars
1467,Mutt,cars
1681,Münch,cars
2450,NAMYSLO,cars
3144,NAVIGON,cars
2452,NAVTEK,cars
1472,NCR,cars
1474,NECO,cars
2453,NESBO,cars
3410,NEXO,cars
2454,NHK,cars
1479,NIU,cars
2457,NIVA,cars
3146,NRG,cars
2854,NYK,cars
3417,NZI,cars
3143,Nakamichi,cars
3409,Naki,cars
2014,Narko,cars
2451,Naud,cars
3256,Navboard,cars
1935,Navistar,cars
1473,Neander,cars
3145,Neoline,cars
1835,Neoplan,cars
1836,Neptun,cars
3257,Nero,cars
1837,Neuson,cars
1475,Neval,cars
1838,New Holland,cars
1476,Nexus,cars
3411,Nexx,cars
2455,Niemeyer,cars
3047,Niesmann+Bischoff,cars
2015,Niewiadow,cars
1839,Niewiadów,cars
2456,Niewöhner,cars
2852,Nifty Lift,cars
3412,Nikko,cars
3258,Nilox,cars
3259,Ninebot,cars
1477,Nipponia,cars
3413,Nitro,cars
1478,Nitro Motors,cars
3414,NoEnd,cars
2974,Nokka,cars
3415,Nolan,cars
2016,Nopa,cars
2975,Norcar,cars
3048,Nordstar,cars
2458,Nordsten,cars
2853,Nordverk,cars
2459,Noremat,cars
1480,Norton,cars
1840,Noteboom,cars
1841,Nova,cars
2460,Nowinski,cars
3416,Nuvo,cars
1842,O&K,cars
3418,O'Neal,cars
1481,ODES,cars
3260,OEM,cars
1843,OFFICINE BS,cars
2461,OHC,cars
2855,OM – Pimespo,cars
2856,OMG,cars
2463,OMME,cars
2465,OPaLL-AGRI,cars
2468,ORSI,cars
2978,OTL,cars
3419,Oakley,cars
3420,Off Road,cars
2462,Oleo-Mac,cars
1482,Omaks Motors,cars
3421,One Industries,cars
3261,Onewheel,cars
2976,Onezec,cars
2464,Oniar,cars
1483,Online,cars
1484,Opai,cars
2466,Optisem,cars
1485,Orange County Choppers,cars
1844,Orangecamp,cars
1486,Orcal,cars
2467,Oregon,cars
3422,Original,cars
1487,Orion,cars
3147,Oris,cars
3049,Ormocar,cars
2017,Orthaus,cars
2469,Ortolan,cars
1936,Oshkosh,cars
1488,Ossa,cars
1845,Otokar,cars
1937,Ottawa,cars
1489,Ovation,cars
3262,Overmax,cars
2470,Overum,cars
1846,Ovibos,cars
2471,Ovlac,cars
3423,Oxford,cars
3424,Oxtar,cars
2472,Ozdoken,cars
3425,Ozone,cars
2857,P & H,cars
2941,P&H,cars
1847,P.A.Z.,cars
2474,PAUS,cars
2475,PEECON,cars
2476,PEGORARO,cars
2478,PENDOLARE,cars
1497,PGO,cars
3150,PHD,cars
2481,PKMP,cars
2863,PMI,cars
2020,PNO,cars
2483,POM,cars
2867,PPM,cars
2492,PRAESTBRO,cars
2493,PRIMOPLEX,cars
2494,PROFIX,cars
2495,PROJET,cars
2496,PROMAR,cars
1682,PUCH,cars
3431,PUMA,cars
2499,PZ ZWEEGERS,cars
2500,PZ-Vicon,cars
2858,Paclite,cars
2018,Pacton,cars
1848,Padis,cars
1490,Pagsta,cars
2979,Palax,cars
2859,Palazzani,cars
2860,Palfinger,cars
2473,Palms,cars
3148,Panasonic,cars
2019,Panav,cars
3426,Pando Moto,cars
1491,Pannonia,cars
1492,Panonia,cars
1493,Patron,cars
2861,Paus,cars
3263,Peace Sports,cars
1494,Peda,cars
2862,Pefra,cars
2942,Pegasolift,cars
1495,Pegasus,cars
2477,Pel-Job,cars
2980,Penz,cars
2479,Perkins,cars
1849,Peterbilt,cars
1496,Petronas,cars
2981,Pezzolato,cars
3149,Phase,cars
1498,Phazer,cars
3151,Philips,cars
3050,Phoenix,cars
3152,Phoenix Gold,cars
3264,PhunkeeDuck,cars
2480,Pichon,cars
1938,Pierce,cars
2982,Pihkala,cars
2983,Pika,cars
3051,Pilote,cars
1499,Pioneer,cars
1500,Pitmoto,cars
1501,Pitsterpro,cars
1939,Plandex,cars
3265,Plasto,cars
2482,Pneusej,cars
1502,Polaris,cars
1503,Polini,cars
2984,Polkon,cars
3427,Polo,cars
2864,Polyma,cars
2484,Pom Augustow,cars
2485,Pomarol,cars
2486,Pomot,cars
2487,Pompeo,cars
1850,Pongratz,cars
2985,Ponsse,cars
1851,Possl,cars
2865,Potain,cars
2488,Potila,cars
2490,Pottinger,cars
3153,Power Acoustik,cars
2866,Power screen,cars
3266,PowerNeed,cars
2491,PowerPac,cars
1504,Praga,cars
1505,Praga20986,cars
1506,Praktik,cars
3154,Precision Power,cars
3428,Premier,cars
3155,Pride,cars
2986,Pro silva,cars
3429,Probiker,cars
2497,Pronar,cars
3267,Prophete,cars
3156,Prosonic,cars
1507,Puch,cars
3430,Puig,cars
2868,Putzmeister,cars
2498,Pz,cars
3052,Pössl,cars
2489,Pöttinger,cars
1510,QJMOTOR,cars
1513,QWMOTO,cars
3268,Qiewa,cars
1683,Qingi,cars
1508,Qingqi,cars
1509,Qinqi,cars
1511,Quad,cars
1512,Quadro,cars
2501,Quicke,cars
2502,Quivogne,cars
2505,RABEWERK,cars
2506,RANSOMES,cars
2508,RAU RAVO,cars
2870,RAVO,cars
2511,REDROCK,cars
3439,REITER,cars
1940,REO,cars
1853,REPO,cars
2022,RESPO,cars
3271,REVO,cars
1522,REX,cars
1523,RFN,cars
2873,RK-27,cars
2874,RK-33,cars
2875,RK-40,cars
2516,RKM,cars
1527,RM,cars
3058,RMB,cars
2024,RMG,cars
1529,ROAR,cars
2518,ROL/EX,cars
2519,ROLLAND,cars
3161,RS Audio,cars
3451,RS Taichi,cars
2524,RSM,cars
3452,RST,cars
2503,Rabaud,cars
2504,Rabe,cars
3432,Raberg,cars
3433,Race-Inn,cars
3434,Racer,cars
3269,Radio Flyer,cars
3157,Rainbow,cars
1514,Rajdoot,cars
1515,Rally USA,cars
1941,Ram,cars
2869,Rapid,cars
3053,Rapido,cars
2507,Ratioparts,cars
3158,Raveland,cars
2509,Ravo,cars
2987,Rayco,cars
3435,Rayven,cars
2510,Razol,cars
3270,Razor,cars
3436,Rebelhorn,cars
3437,Red Bull,cars
1516,Red Electric,cars
1517,Redline,cars
3438,Reevu,cars
1518,Regal Raptor,cars
2512,Regent,cars
3054,Reimo,cars
1852,Reisch,cars
3055,Reisemobile Beier,cars
2021,Renders,cars
3159,Renegade,cars
1519,Renly,cars
2513,Repossi,cars
1520,Rerode,cars
2871,Restek,cars
3440,Rev'It,cars
1521,Rewaco,cars
3272,Rex,cars
3441,Richa,cars
1524,Ride,cars
2514,Rider,cars
3442,Riding Culture,cars
2023,Ried,cars
1525,Rieju,cars
1526,Riga,cars
2872,Rigo,cars
1854,Rimor,cars
3056,Riva,cars
3057,Riviera,cars
2515,Rivierre-Casalis,cars
3443,Rjays,cars
1528,Roadsign,cars
3059,Roadtrek,cars
3060,Robel-Mobil,cars
3273,Robsted,cars
1855,Robur,cars
1856,Rocar,cars
3444,Rocc,cars
2517,Rock,cars
3445,Rocket,cars
3160,Rockford Fosgate,cars
3061,Rockwood,cars
2876,Rocla,cars
3446,Roeg,cars
3447,Rokker,cars
2877,Rolba,cars
3448,Roleff,cars
1942,Rolfo,cars
2520,Rolmet,cars
2521,Rolstal,cars
2522,Roltrans,cars
1857,Roman,cars
1530,Romet,cars
3449,Roof,cars
3450,Rosso,cars
2523,Rostselmash,cars
2878,Rotair,cars
2988,Rottne,cars
1531,Roxon,cars
1532,Royal Enfield,cars
3453,Rukka,cars
2525,Rumptstad,cars
2526,Ruris,cars
1858,Rydwan,cars
1533,Ryga,cars
2527,Rywal,cars
2532,SAMPO ROSENLEW,cars
2536,SCAN AGRO,cars
1542,SCUT,cars
2030,SDC,cars
1544,SEAT MÓ,cars
2541,SEMCO,cars
1684,SHINERAY,cars
1550,SHL,cars
2545,SICMA,cars
2547,SILOCUT,cars
2548,SILOKING,cars
2553,SIMULTA JUNKKARI,cars
1553,SINNIS,cars
2554,SIP,cars
2888,SKODA,cars
3279,SKUT,cars
3280,SKUT Mini,cars
3064,SLOOP,cars
1558,SMC,cars
3475,SMK,cars
2556,SMS,cars
2889,SMV,cars
2558,SODIMAC,cars
2563,SONAROL,cars
1562,SONIK,cars
1873,SOR,cars
3477,SPADA,cars
3168,SPL dynamics,cars
2568,SPRINT,cars
1685,SPYRACING,cars
1563,SRT 5,cars
1564,SRV,cars
1565,SRX,cars
2032,SST,cars
3287,STACYC,cars
2571,STEGSTED,cars
2576,STIHL,cars
2579,STROM,cars
2582,SUF,cars
3066,SUNLIGHT,cars
2586,SUOKONE,cars
2587,SUPERTINO,cars
1575,SVM,cars
1577,SWM,cars
3289,SXT,cars
1883,SYLAND,cars
1578,SYM,cars
3454,Saber,cars
1534,Sachs,cars
3455,Safe-max,cars
1535,Sagitta,cars
2528,Samasz,cars
2879,Sambron,cars
2529,Same,cars
3274,Samebike,cars
2530,Sami,cars
2531,Sampo,cars
2989,Sampo-Rosenlew,cars
1859,Samro,cars
2533,Samson,cars
1536,Samurai,cars
2880,Sanderson,cars
1537,Sanglas,cars
1943,Sany,cars
2534,Sauerburger,cars
1860,Saurer,cars
2025,Saurida,cars
2026,Savos gamybos,cars
2027,Sawo,cars
1538,Saxon,cars
2535,Saxonia,cars
1944,Scam,cars
1861,Scania,cars
1862,Schaeff,cars
3456,Schampa,cars
2537,Schanzlin,cars
2881,Schick,cars
2028,Schmidt,cars
2882,Schmidt Kommunaltechnik,cars
1863,Schmitz,cars
2029,Schmitz Cargobull,cars
2538,Schmotzer,cars
3457,Schuberth,cars
3458,Schwabenleder,cars
1864,Schwarzmuller,cars
3275,Schwinn,cars
3276,Scoot,cars
1539,Scooterking,cars
1540,Scootworks,cars
1541,Scorpa,cars
2990,Scorpion,cars
3459,Scott,cars
3062,Sea,cars
1543,Sea-Doo,cars
1865,Seddon - Atkinson,cars
3460,Sedici,cars
2539,Seguip,cars
3461,Segura,cars
1545,Segway,cars
2540,Seko,cars
3063,Selbstbau,cars
2883,Semax,cars
1546,Senke,cars
1547,Senlong,cars
2884,Sennebogen,cars
3277,Serial 1,cars
1866,Setra,cars
3462,Shad,cars
2885,Shantui,cars
2542,Shark,cars
3278,Sharp,cars
2543,Shelbourne,cars
1548,Sherco,cars
2544,Shibaura,cars
3463,Shift,cars
3464,Shima,cars
1549,Shineray,cars
2886,Shinko,cars
3465,Shiro,cars
3466,Shoei,cars
3467,Shoo,cars
3468,Shot,cars
3469,Shox,cars
1686,SiM,cars
1551,Siamoto,cars
1867,Sidecar,cars
3470,Sidi,cars
2991,Sifor,cars
3471,Sigma,cars
3162,Signat,cars
3163,Silent Coat,cars
2546,Silesfor,cars
2549,Silowolff,cars
2992,Silvatec,cars
1868,Silvergreen,cars
2550,Simba,cars
2551,Simex,cars
2552,Simplicity,cars
3472,Simpson,cars
1552,Simson,cars
3164,Sinus Live,cars
2555,Sipma,cars
2887,Sischelschmidt,cars
1869,Sisu,cars
3473,SixSixOne,cars
1554,Ski Doo,cars
2031,Skif,cars
2993,Skogsjan,cars
2994,Skotte,cars
1555,Skygo,cars
1556,Skyjet,cars
3281,Skymaster,cars
1557,Skyteam,cars
3282,Smart Balance,cars
3474,Smith,cars
3476,Snell,cars
2890,Snorkel,cars
2995,Snorre,cars
2557,Socomep,cars
1559,Sodikart,cars
2559,Sokolka,cars
1560,Sokół,cars
2560,Sola,cars
1871,Solaris,cars
2561,Solis,cars
1561,Solo,cars
3283,Sologo,cars
3284,Solowheel,cars
2562,Somega,cars
1872,Sommer,cars
1687,Sonik,cars
3165,Sony,cars
2891,Soosan,cars
2564,Sopema,cars
1688,Sora,cars
2565,Souchu-Pinet,cars
3166,SounDigital,cars
3167,Soundstream,cars
1945,Spartan Motors,cars
2566,Spawex,cars
2567,Spearhead,cars
3285,Speedway,cars
3478,Spidi,cars
1874,Spitzer,cars
3286,Sponge,cars
2569,Spu,cars
3479,Spyke,cars
3480,Stadler,cars
2892,Stalin,cars
2570,Staltech,cars
1875,Star,cars
1566,Stark,cars
2033,Stas,cars
2996,Steber,cars
2572,Steinbock,cars
2893,Steinweg,cars
2573,Stela,cars
1567,Stels,cars
1876,Stema,cars
2574,Stepagro,cars
3065,Sterckeman,cars
1877,Sterling,cars
1946,Stewart & Stevenson,cars
1878,Steyr,cars
2575,Stiga,cars
1879,Still,cars
2577,Stoll,cars
1568,Stomp,cars
1880,Stopexim,cars
3481,Stormer,cars
2578,Strautmann,cars
2580,Stronga,cars
2581,Strumyk,cars
1689,Sturmey-Archer,cars
3482,Stylmartin,cars
2894,Stöklin,cars
2583,Sulky,cars
2895,Sumitomo,cars
2584,Summers,cars
1569,Summit,cars
1690,SunL,cars
1570,Sunbeam,cars
3169,Sundown,cars
2585,Sunflower,cars
1881,Sunlight,cars
1571,Sunra,cars
2896,Sunward,cars
3483,Suomy,cars
1572,Super SOCO,cars
1691,Super Soco,cars
1573,Super Soco/Vmoto,cars
1574,Sur-Ron,cars
2034,Suski,cars
2897,Svetruck,cars
3288,SwagTron,cars
1576,Swift,cars
2035,Syland,cars
1692,Sym,cars
2588,Synchrosem,cars
1884,System Trailers,cars
2589,Szyszka,cars
2590,T25,cars
2591,T40,cars
2593,TALEX,cars
1580,TAO,cars
2595,TCM,cars
3485,TCX,cars
1886,TEC,cars
2038,TEMARED,cars
1887,TEMSA,cars
2600,TENIAS,cars
2601,TERRA GATOR,cars
1581,TGB,cars
2604,THYREGOD,cars
1947,TICO,cars
2605,TIGER,cars
2606,TIM,cars
2608,TITANUM,cars
2907,TKD,cars
1583,TM,cars
1584,TM Racing,cars
2609,TMC Cancela,cars
3489,TMS,cars
1585,TNT,cars
2610,TOLMET,cars
3170,TOM TOM,cars
2612,TORO,cars
2613,TORUM,cars
2615,TRACK LIFT,cars
2617,TRIMA,cars
2619,TROY-BILT,cars
1595,TRRS,cars
3492,TSG,cars
1891,TSR,cars
2620,TT AGRO,cars
1598,TVS,cars
2622,TYM,cars
2623,TYTAN-PLOW,cars
2624,TZ,cars
2592,Taarup,cars
1885,Tabbert,cars
2898,Tadano,cars
3484,Takachi,cars
2899,Takeuchi,cars
3290,Takira,cars
2900,Takraft,cars
1579,Talaria,cars
2594,Tanco,cars
1693,Tank,cars
2036,Tauras,cars
1694,Tauris,cars
2596,Teagle,cars
3486,Tech Air,cars
2037,Techau,cars
2901,Tecna,cars
2597,Tecnoma,cars
2598,Tehnos,cars
3291,Tekk,cars
2599,Teknamotor,cars
3487,Teknic,cars
3292,Telefunken,cars
2902,Tenant,cars
1948,Terberg,cars
1888,Terex,cars
2997,Terri,cars
2903,Teupen,cars
2602,Texas,cars
2904,Thaler,cars
2603,Thomas,cars
2905,Thomson,cars
3488,Thor,cars
1695,Tianying,cars
2906,Tifermec,cars
2998,Tigercat,cars
2039,Tiki Treiler,cars
2607,Timberjack,cars
3067,Tischer,cars
1889,Tisvol,cars
1582,Titan,cars
3293,Tomoloo,cars
1586,Tomos,cars
1587,Tomoto,cars
2611,Tonutti,cars
1588,Toro,cars
1589,Torrot,cars
3490,Tour Master,cars
3171,Toxic,cars
2614,Trac-Lift,cars
2908,Tracto-Technik,cars
1949,Trail-Eze,cars
2040,Trailer,cars
1890,Trailor,cars
2999,Trans-Gesco,cars
2909,Translift,cars
1696,Traverson,cars
1590,Travertson,cars
2616,Trilo,cars
1591,Trinity,cars
2618,Trioliet,cars
1592,Tripl,cars
3068,Triple EVario,cars
1593,Triton,cars
1594,Troll,cars
2041,Trouillet,cars
3491,Tschul,cars
3493,Tucano Urbano,cars
1596,Tula,cars
2621,Tume,cars
1597,Turist,cars
3494,Tuzo,cars
3172,Twister,cars
1599,Tytan,cars
3495,UFO,cars
2625,UGB,cars
2626,UGERLOSE,cars
2627,UGUNI,cars
2910,UNC,cars
2632,UNIFAST,cars
2633,UNIVERSAL,cars
1600,UNU,cars
2635,URBAN,cars
1697,URBET,cars
2636,UTB,cars
1602,UTV,cars
1892,Uaz,cars
3294,UberScoot,cars
3295,Uera,cars
2628,Ukp,cars
2042,Umega,cars
3296,Unbranded,cars
2629,Uni-Loader,cars
2631,Unia Grudziądz,cars
2630,Unia group,cars
1893,Unimog,cars
3297,Unisun,cars
2911,Unitruck,cars
2912,Up-Right,cars
1601,Ural,cars
2634,Uralets,cars
3298,Urban,cars
1894,Ursus,cars
3496,Uvex,cars
3299,Uwheels,cars
3497,V Quattro,cars
1603,V-Max,cars
2638,VAHVA,cars
1608,VASSLA,cars
3173,VDO,cars
3501,VEMAR,cars
3503,VENO,cars
2645,VERSATILE,cars
2648,VIBOR COMPACT,cars
1619,VIMODE,cars
3505,VITO,cars
2916,VM,cars
2650,VM Loader,cars
1698,VMODE,cars
1622,VOGE,cars
1624,VOR,cars
2653,VPYT,cars
3507,VR46,cars
2654,VTZ,cars
2655,VW,cars
2637,Vaderstad,cars
1604,Valenti,cars
2639,Valmet,cars
2640,Valpadana,cars
2641,Valtra,cars
1895,Van Hool,cars
1605,Van Veen,cars
1606,Vanderhall,cars
3498,Vanson,cars
2642,Vanto,cars
3499,Vanucci,cars
2043,Varig,cars
1607,Vario,cars
1609,Vastro,cars
2913,Vaz,cars
1896,VeDeCar,cars
2643,Vector,cars
1610,Vectrix,cars
2644,Veenhuis,cars
3500,Vega,cars
3502,Venice,cars
2914,Venieri,cars
1611,Vento,cars
1612,Venture,cars
1613,Ventus,cars
1614,Vertemati,cars
1615,Vespa,cars
2044,Vesta,cars
2646,Vestas,cars
1616,Viatka,cars
3174,Vibe,cars
2647,Viberg,cars
1897,Viberti,cars
2915,Vibromax,cars
3504,Vicma,cars
2649,Vicon,cars
1617,Victory,cars
3300,VidaXL,cars
3175,Vide,cars
1618,Viking,cars
3000,Vimek,cars
1620,Vincent,cars
1621,Viper,cars
3301,Visional,cars
3302,Vivo,cars
2045,Vocol,cars
2652,Vogelnoot,cars
3506,Voigt,cars
1623,Von Dutch,cars
1625,Voschod,cars
1626,Voxan,cars
1627,Vyrus,cars
2651,Vögele,cars
3508,W2,cars
2656,WEIBANG,cars
2657,WEIDEMANN,cars
2047,WEKA,cars
3002,WF-Trac,cars
1631,WFM,cars
2665,WILE,cars
3512,WINX,cars
2050,WM,cars
2051,WNP-suski,cars
2669,WOLAGRI,cars
1633,WONJAN,cars
2670,WOPROL,cars
1634,WSK,cars
1699,WSM,cars
2046,Wackenhut,cars
2917,Wacker,cars
2918,Wagner,cars
1628,Wangye,cars
2919,Waterking,cars
1629,Wayel,cars
1630,Wayscral,cars
2920,Weber,cars
2658,Weima,cars
2659,Weimar,cars
3069,Weinsberg,cars
1898,Weippert,cars
2921,Weiro,cars
3509,Weise,cars
2660,Welger,cars
2661,Welte,cars
2048,Wena,cars
3001,Werner,cars
3176,West coast customs,cars
2662,Western Fabrications,cars
1899,Western Star,cars
1900,Westfalia,cars
2663,Westwood,cars
3303,Whistle,cars
1950,White,cars
1901,Wielton,cars
2664,Wil-Rich,cars
3070,Wild Cat,cars
1902,Wilex,cars
3510,Wiley X,cars
1903,Wilk,cars
2049,Williams,cars
2666,Willibald,cars
3304,Windrunner,cars
3071,Winnebago,cars
2667,Winter Haide,cars
3511,Wintex,cars
1904,Wiola,cars
2668,Wirax,cars
2922,Wirtgen,cars
1632,Wlie,cars
3072,Woelcke,cars
2923,Wolverine,cars
3305,Worker,cars
1951,Workhorse,cars
1700,Wottan,cars
3513,Wulfsport,cars
2924,Wumag,cars
1701,Wuyang,cars
1635,Wuyi Wusheng Electric,cars
2671,Wühlmaus,cars
3514,X-Lite,cars
1636,X-Moto,cars
1637,X-motos,cars
1702,X.star,cars
3306,X2,cars
3307,X4,cars
1952,XCMG,cars
3516,XPD,cars
1641,XTR,cars
2672,XTZ,cars
2925,Xelan,cars
3515,Xelement,cars
3177,Xetec,cars
1638,Xingfu,cars
1703,Xingyue,cars
1639,Xmotos,cars
1640,Xstar,cars
3308,Xtreme,cars
3178,Xzound,cars
1642,YADEA,cars
1646,YCF,cars
3310,YHR,cars
3517,YOSHIMURA,cars
2943,YSP,cars
2674,YTO,cars
3309,Yabbay,cars
2673,Yale,cars
2926,Yam,cars
1643,Yamaha,cars
1644,Yamasaki,cars
2927,Yang,cars
1645,Yangtze,cars
1905,Yanmar,cars
1647,Yeti 500,cars
1648,Yiben,cars
1649,Yiying,cars
2928,Yuchai,cars
1650,Yuki,cars
3311,Yuneec,cars
1906,Yutong,cars
1651,Z Bike,cars
2676,ZANON,cars
1653,ZEHHO,cars
1655,ZEV,cars
1953,ZIL,cars
1658,ZNEN,cars
2681,ZOOMLION,cars
1704,ZZ,cars
2929,Zacho,cars
2675,Zamet,cars
3518,Zandona,cars
1907,Zasław,cars
2930,Zaz,cars
1954,Ze135g,cars
1955,Ze26go,cars
3179,Zealum,cars
1652,Zeeho,cars
3180,Zenec,cars
2677,Zeppelin,cars
1654,Zero,cars
1908,Zetor,cars
2678,Zettelmeyer,cars
1656,Zforce,cars
1705,Zhongqing,cars
2679,Ziegler,cars
1909,Zil,cars
1657,Zipp,cars
2680,Zocon,cars
1659,Zonda,cars
1660,Zongshen,cars
1661,Zontes,cars
1956,Zoomlion,cars
1910,Zorzi,cars
1911,Zremb,cars
1957,Zs090v,cars
2052,Zubrionok,cars
1662,Zumico,cars
1663,Zundapp,cars
1664,Zweirad Union,cars
1305,eWind,cars
2946,Ässä,cars
2977,Ösa,cars
1882,Świdnik,cars
1870,Škoda,cars
2931,В-100,cars
2932,В-120,cars
2933,В-150,cars
