id,brand_id,name
14566,1224,-Kitas-
14567,1641,001/7
14568,1641,006/7
14569,1641,006/8
14570,1641,008/8
14571,1641,017/8
14572,1641,018/8
14573,1506,1
14574,1526,1
14575,1655,10 LRC
14576,1487,100
14578,1199,1000
14577,1407,1000
14579,1471,1000 S
14580,1199,1000 Thundercat
14581,1665,1000L
14582,1250,1000MT-X
14583,1665,1000S
14584,1199,1000i GT EFT
14585,1199,1000i GT TRV EFT
14586,1581,101R
14587,1581,101S
14588,1581,104T
14589,1030,1050 Adventure
14590,1030,1090 Adventure
14591,1284,1098
14592,1526,11
14593,1240,1125
14594,1030,1190 Adventure
14595,1284,1198
14596,1284,1199 Panigale
14597,1439,12
14598,1449,1200 Sport
14599,1439,125
14600,1433,125
14601,1268,125
14602,1363,125
14603,1487,125
14604,1362,125
14605,1682,125
14606,1454,125
14607,1370,125
14608,1265,125
14609,1452,125
14610,1204,125
14611,1226,125
14612,1551,125
14613,1030,125 Duke
14614,1429,125 E
14615,1030,125 EXC
14616,1661,125 G1
14617,1429,125 M
14618,1429,125 Mark
14619,1250,125 NK
14620,1622,125 R
14621,1352,125 SM
14622,1030,125 SX
14623,1352,125 TC
14624,1352,125 TE
14625,1661,125 U
14626,1661,125 X
14627,1207,125cc
14628,1030,1290 Super Adventure
14629,1030,1290 Super Duke GT
14630,1030,1290 Super Duke R
14631,1284,1299 Panigale
14632,1439,13
14633,1526,13
14634,1348,1400 TI
14635,1526,15
14636,1352,150 BW
14637,1030,150 SX
14638,1321,150 cc
14639,1298,1500
14640,1250,150NK
14641,1370,160
14642,1191,1600
14643,1526,17
14644,1418,17/14
14645,1682,175
14646,1265,175
14647,1363,175
14648,1363,180
14649,1265,180
14650,1506,2
14652,1414,200
14651,1229,200
14653,1030,200 Duke
14654,1515,2000
14655,1414,200SE
14656,1581,202 Classic
14657,1332,220
14658,1332,220 S
14663,1265,250
14664,1363,250
14659,1362,250
14660,1427,250
14661,1452,250
14662,1204,250
14665,1638,250 A
14666,1030,250 Duke
14667,1030,250 EXC
14668,1397,250 Enduro
14669,1352,250 FC
14670,1352,250 FE
14671,1352,250 FX
14672,1210,250 GS
14673,1030,250 SX
14674,1030,250 SX-F
14675,1352,250 TC
14676,1352,250 TE
14677,1352,250 TX
14678,1250,250NK
14679,1207,250cc
14680,1452,254
14681,1204,260
14682,1655,2700 L
14683,1506,3
14684,1451,3 1/2
14686,1199,300
14685,1414,300
14687,1622,300 AC
14688,1362,300 CL
14689,1622,300 DS
14690,1199,300 DVX
14691,1414,300 EFI
14692,1030,300 EXC
14693,1622,300 R
14694,1622,300 Rally
14695,1352,300 TE
14696,1250,300CL-X
14697,1250,300NK
14698,1332,300S
14699,1414,300SE ATV
14700,1581,303 RS
14701,1661,310 R
14702,1661,310 T
14703,1661,310 V
14704,1661,310 X
14705,1427,320
14706,1396,321R
14707,1396,321RR
14708,1575,329 Jumbo
14709,1362,330
14711,1265,350
14712,1433,350
14713,1361,350
14714,1362,350
14710,1514,350
14715,1030,350 EXC-F
14716,1279,350 F3
14717,1352,350 FC
14718,1352,350 FE
14719,1352,350 FX
14720,1238,350 Fury
14721,1661,350 GK
14722,1682,350 HWE
14723,1159,350 OSL
14724,1661,350 R
14725,1332,350 S
14726,1030,350 SX-F
14727,1661,350 T
14728,1183,350 TV
14729,1458,350 Vento
14730,1661,350 X
14731,1512,350D
14732,1332,360
14733,1655,3600 L
14734,1414,"370 PROMAX EFI,T3B"
14735,1427,380
14736,1030,390 Adventure
14737,1030,390 Duke
14738,1231,3D
14739,1681,4-1200 TTS
14742,1414,400
14740,1567,400
14741,1537,400
14743,1199,400
14744,1199,400 2x4 EFT
14745,1199,400 4x4 EFT
14746,1250,400NK
14747,1414,400S
14748,1396,400X
14749,1655,4100
14750,1655,4100 L
14751,1414,"420 PROMAX EFI,T3B"
14753,1199,450
14752,1204,450
14754,1030,450 EXC-F
14755,1352,450 FC
14756,1352,450 FE
14757,1352,450 FX
14758,1343,450 MX
14759,1396,450 Rally
14760,1030,450 SX-F
14761,1199,450 i EFT
14762,1250,450CL-C
14763,1250,450MT
14764,1250,450SR
14765,1250,450SR S
14766,1361,49-56
14769,1318,50
14768,1317,50
14767,1380,50
14770,1030,50 SX
14773,1199,500
14777,1265,500
14776,1427,500
14775,1414,500
14772,1204,500
14774,1537,500
14771,1362,500
14778,1622,500 AC
14779,1622,500 DS
14780,1414,500 E4
14781,1414,500 EFI T3B
14782,1030,500 EXC-F
14784,1468,500 R
14783,1622,500 R
14785,1199,500 TRV
14786,1488,500 Yankee
14787,1396,500F
14788,1352,501 FE
14789,1218,502 C
14790,1646,50A
14791,1646,50E
14792,1365,50PY
14793,1207,50cc
14794,1502,50th Anniversary
14795,1332,520
14796,1332,520 Max
14797,1622,525 DSX
14798,1396,525X
14799,1332,525i
14801,1199,550
14800,1502,550
14802,1199,550 TRV XT EPS
14803,1414,550EFI
14804,1199,550i EFT
14805,1199,550i GT EFT
14806,1199,550i GT TRV
14807,1362,593
14808,1204,600
14809,1502,600 HO
14810,1502,600 HO CFI
14811,1502,600 HO IQ
14812,1682,600 HWE
14813,1655,6000 LA
14814,1204,605
14815,1641,607
14816,1655,6100
14817,1641,616
14818,1204,620
14819,1427,620
14820,1332,625
14821,1332,625 UTX
14822,1332,625i
14823,1030,640 LC4
14824,1030,65 SX
14825,1352,65 TC
14826,1199,650
14827,1407,650
14828,1622,650 DS
14829,1622,650 DSX
14830,1199,650 TRV
14831,1665,650L
14832,1414,650L LANDFORCE EPS
14833,1414,650L LANDFORCE PRO EPS
14834,1414,650L PROMAX
14835,1250,650MT
14836,1250,650NK
14837,1665,650S
14838,1250,650TR
14839,1435,656
14840,1199,660
14841,1468,660 Skorpion
14842,1407,668
14843,1250,675 NK
14844,1250,675 SRR
14845,1427,685
14846,1030,690 Duke
14847,1030,690 Enduro
14848,1030,690 SMC R
14849,1231,6900
14850,1095,6x4
14851,1526,7
14852,1199,700
14853,1204,700
14854,1414,700 ATV
14855,1199,700 Diesel EGR TRV 3inl EFT
14856,1199,700 Diesel TRV
14857,1199,700 EFI TRV
14858,1199,700 TRV XT EPS - Special
14859,1250,700CL-X Adventure
14860,1250,700CL-X HERITAGE
14861,1250,700CL-X Sport
14862,1250,700MT
14863,1199,700i GT EFT
14864,1199,700i GT TRV EFT
14865,1199,700i H1 4x4
14866,1199,700i TBX GT T3S
14867,1352,701 Enduro
14868,1352,701 Supermoto
14869,1641,702
14870,1661,703 F
14871,1661,703 RR
14872,1417,705
14873,1202,705
14874,1202,706
14875,1202,710
14876,1655,7100
14877,1655,7100 LR
14878,1561,712 Classic
14879,1284,748
14880,1284,749
14884,1252,750
14881,1601,750
14882,1407,750
14883,1645,750
14885,1218,752 S
14886,1030,790 Adventure
14887,1030,790 Duke
14888,1414,80 Sport
14889,1298,800
14890,1527,800 DUO COMFORT
14891,1527,800 DUO STANDART
14892,1527,800 DUO TROPHY
14893,1250,800 Explore
14894,1250,800MT
14895,1250,800MT-X
14896,1250,800NK
14897,1396,800X
14898,1396,800X Pro
14899,1527,802
14900,1362,812
14901,1284,848
14902,1030,85 SX
14903,1352,85 TC
14904,1665,850L
14905,1665,850S
14906,1284,851
14907,1284,888
14908,1030,890 Adventure
14909,1030,890 Duke
14910,1362,90
14911,1365,90
14912,1622,900 DSX
14913,1284,900 SS
14914,1376,901 Sport
14915,1503,911 GP4 Reverse
14916,1284,916
14917,1615,946
14918,1030,950 Adventure
14919,1030,950 Supermoto
14920,1343,950 V2
14921,1627,984 С3
14922,1627,985 С3
14923,1627,987 С3
14924,1030,990 Adventure
14925,1030,990 Super Duke
14926,1030,990 Supermoto
14927,1284,996
14928,1284,998
14929,1284,999
14930,1430,A
14931,1238,A 50
14932,1238,A 65
14933,1238,A 75
14934,1679,A150
14935,1679,A150 EFI
14936,1679,A180
14937,1679,A200
14938,1679,A300
14939,1195,A36BW250
14940,1679,A50
14942,1368,A6
14941,1295,A6
14943,1568,ACE110
14944,1568,ACE4V
14945,1568,ACE50
14946,1178,AD3
14947,1352,AE
14948,1652,AE6+
14949,1652,AE8S+
14950,1196,AF
14951,1187,AF250G
14952,1285,AGILE
14953,1186,AJS-10
14954,1403,AK 550
14955,1665,ALPINECROSS 1000
14956,1109,AN 125
14957,1109,AN 250
14958,1109,AN 400 Burgman
14959,1109,AN 650 Burgman
14960,1412,APPOLO 125
14961,1545,AT10
14962,1545,AT10 WL 30’ EPS Limited ABS
14963,1545,AT10 WL EPS Limited
14964,1545,AT10WL MUD
14965,1679,AT110
14966,1679,AT125
14967,1679,AT125 EFI
14968,1384,ATV
14969,1010,ATV
14970,1414,ATV 110
14971,1414,ATV 570 PROMAX
14972,1010,ATV Dragon
14973,1384,ATV Dragon
14974,1679,AU110
14975,1679,AU125
14976,1679,AU125 EFI
14977,1679,AU150
14978,1679,AU150 CVT
14979,1679,AU150 EFI
14980,1679,AU180
14981,1679,AU200
14982,1679,AU300
14983,1679,AY70
14984,1109,Address
14985,1194,Adonis
14986,1231,Adventure
14987,1493,Aero
14988,1643,Aerox
14989,1447,Agile
14990,1403,Agility
14991,1403,Agility 125
14992,1403,Agility 200
14993,1403,Agility 50
14994,1221,Aikon
14995,1467,Akita
14996,1581,Akros tec
14997,1183,Ala Verde Sport
14998,1474,Alexone
15000,1343,Allroad
14999,1250,Allroad
15001,1221,Alp
15002,1242,Alpina
15003,1231,Alpine
15004,1199,Alterra
15005,1199,Alterra 300 2x4
15006,1199,Alterra 400 4x4
15007,1199,Alterra 450
15008,1199,Alterra 550
15009,1199,Alterra 550 XT EPS
15010,1199,Alterra 700
15011,1199,Alterra 700 XT EPS
15012,1199,Alterra TRV 1000 XT EPS
15013,1199,Alterra TRV 550
15014,1199,Alterra TRV 550 XT EPS
15015,1199,Alterra TRV 700
15016,1199,Alterra TRV 700 XT EPS
15017,1120,America
15018,1478,Anaconda
15019,1207,Anaconda
15020,1598,Apache RTR 160
15022,1478,Apollo
15021,1502,Apollo
15023,1513,Appolo
15024,1353,Aquila
15025,1669,Aragon
15026,1199,Arctic Cat 90 / DVX 90
15027,1196,Area
15028,1384,Arn
15029,1223,Athena ProStreet
15030,1210,Atila 125
15031,1196,Atlantic
15032,1196,Atlantic 125
15033,1196,Atlantic 200
15034,1196,Atlantic 300
15035,1196,Atlantic 500
15036,1480,Atlas 650
15037,1449,Audace
15039,1426,Australia
15038,1425,Australia
15040,1352,Automatic 430
15041,1202,Avatar
15042,1201,Avenger 8x8
15043,1525,Aventura 500
15044,1474,Azzuro GP
15045,1233,B
15046,1238,B 25
15047,1238,B 44
15048,1534,B-805
15049,1215,B-Max
15050,1259,B120
15051,1306,B58
15052,1222,BFD
15053,1234,BHC
15054,1646,BIGY FACTORY 190 DAYTONA MX
15055,1581,BK1 Kurier
15056,1581,BLADE 1000 LTX LED MAX EPS E5
15057,1581,BLADE 1000 LTX LED MAX EPS T3B
15058,1581,BLADE 1000LT
15059,1581,BLADE 1000LTX
15060,1581,BLADE 600 LTX LED MAX EPS E5
15061,1581,BLADE 600 LTX LED MAX EPS T3B
15062,1581,BLADE 600i LTX
15063,1207,BMW Style
15064,1218,BN 125
15065,1218,BN 251
15066,1218,BN 302
15067,1218,BN 600
15068,1218,BN 600 GT
15069,1218,BN 600 R
15070,1239,BR10-GP
15071,1239,BR12-GP
15072,1216,BS110S
15073,1216,BS110S-13B
15074,1216,BS110S-15
15075,1216,BS125S-2
15076,1216,BS150S-3A
15077,1216,BS150S-8A
15078,1216,BS150S-8B
15079,1216,BS200-6F
15080,1216,BS2000S-7
15081,1216,BS200S-5
15082,1216,BS200S-6MI
15083,1216,BS250S-10
15084,1216,BS250S-11
15085,1216,BS250S-12
15086,1216,BS300S-2
15087,1216,BS400CC
15088,1216,BS400S-7
15089,1216,BS50S
15090,1216,BS50S-4
15091,1216,BS50S-4A
15092,1643,BT
15093,1513,BULL 125
15094,1513,BULL 90
15095,1643,BWS
15096,1212,BX125
15097,1212,BX150
15098,1212,BX200
15099,1212,BX50
15100,1212,BX70
15102,1471,Baghira
15101,1468,Baghira
15103,1359,Bandera
15104,1109,Bandit 1200
15105,1109,Bandit 250
15106,1109,Bandit 400
15107,1109,Bandit 600
15108,1109,Bandit 650
15109,1372,Barhog
15110,1600,Basic
15111,1199,Bearcat
15112,1275,Beast
15113,1534,Bee
15114,1449,Bellagio
15115,1266,Besbi
15116,1074,Beverly
15117,1074,Beverly 125
15118,1074,Beverly 300
15119,1074,Beverly 350
15120,1074,Beverly 400
15121,1230,Big Daddy
15122,1497,Big max
15123,1478,Bigfoot
15124,1201,Bigfoot 6x6
15125,1414,Bighorn
15126,1626,Black Magic
15127,1431,Black Seven 125
15128,1210,Blackrose 250
15129,1215,Blade R
15130,1240,Blast
15131,1316,Bobber
15132,1230,Bobber 88
15133,1643,Bolt
15134,1120,Bonneville
15135,1120,Bonneville Bobber
15136,1120,Bonneville Speedmaster
15137,1120,Bonneville T100
15138,1120,Bonneville T120
15139,1347,Boomerang 50
15140,1643,Booster
15141,1109,Boulevard
15142,1272,Boulevard
15143,1337,Breakout
15144,1461,Breezy 50
15145,1449,Breva
15146,1242,Brinco
15147,1250,Brizzer
15148,1680,Brutale
15149,1680,Brutale 1000
15150,1680,Brutale 1090
15151,1680,Brutale 675
15152,1680,Brutale 800
15153,1680,Brutale 990
15154,1381,Brute Force
15155,1371,Buck 500
15156,1478,Buggy
15158,1301,Bullet
15157,1581,Bullet
15159,1532,Bullet 350
15160,1532,Bullet 500
15161,1109,Burgman 125
15162,1109,Burgman 200
15163,1109,Burgman 400
15164,1109,Burgman 650
15165,1246,C
15166,1439,C
15167,961,C 400 GT
15168,961,C 400 X
15169,961,C 600
15170,961,C 600 Sport
15171,961,C 650 GT
15172,961,C 650 Sport
15173,961,C Evolution
15174,1642,C-LINE
15175,1642,C-UMI
15176,961,C1
15177,1446,C1002V
15178,1439,C4
15179,1614,C450
15180,1614,C500
15181,1614,C750
15182,1260,CAP-215
15183,1581,CAPPUCCIO
15184,1010,CB 1000
15185,1010,CB 1100
15186,1010,CB 125
15187,1010,CB 1300
15188,1010,CB 250
15189,1010,CB 300
15190,1010,CB 400
15191,1010,CB 450
15192,1010,CB 500
15193,1010,CB 600
15194,1010,CB 650
15195,1010,CB 750
15196,1010,CB 900
15197,1010,CBF 1000
15198,1010,CBF 125
15199,1010,CBF 250
15200,1010,CBF 500
15201,1010,CBF 600
15202,1010,CBR 1000
15203,1010,CBR 125
15204,1010,CBR 250
15205,1010,CBR 300
15206,1010,CBR 500
15207,1010,CBR 600
15208,1010,CBR 650
15209,1010,CBR 900
15210,1010,CBR 929
15211,1010,CBR 954
15212,1535,CBR150 Spitzer
15213,1504,CD
15214,961,CE 02
15215,961,CE 04
15216,1332,CF X8
15217,1250,CF250
15218,1250,CF500
15219,1250,CF500A
15220,1250,CF650
15221,1250,CFORCE 1000
15222,1250,CFORCE 110
15223,1250,CFORCE 425
15224,1250,CFORCE 450L
15225,1250,CFORCE 450L Basic
15226,1250,CFORCE 450s Basic
15227,1250,CFORCE 520L
15228,1250,CFORCE 520S
15229,1250,CFORCE 550
15230,1250,CFORCE 600
15231,1250,CFORCE 625
15232,1250,CFORCE 625 TOURING
15233,1250,CFORCE 850 Standart G3
15234,1250,CFORCE 850 Touring G3
15235,1250,CFORCE 850XC
15236,1250,CFORCE EV110
15237,1202,CHALLENGER
15238,1319,CK NAKED50
15239,1010,CL 250
15240,1542,CL-20N03-2
15241,1542,CL-30ZR-60
15242,1542,CL-30ZR-60 LED
15243,1542,CL-9N09-2
15244,1542,CL-9N09-2 LED
15245,1542,CL-Q3
15246,1542,CL06Z-60
15247,1010,CMX 1100
15248,1010,CMX 250 Rebel
15249,1010,CMX 500 Rebel
15250,1295,CP-3
15251,1295,CP-6
15252,1295,CP-7
15253,1260,CPA-128
15254,1260,CPA-208
15255,1260,CPA-209
15256,1260,CPA-216
15257,1260,CPA-219
15258,1260,CPA-221
15259,1260,CPA-224
15260,1260,CPA-228
15261,1260,CPA-228L
15262,1260,CPA-231
15263,1260,CPA-231L
15264,1260,CPA-KWS14
15265,1307,CPI
15266,1573,CPx
15267,1660,CQR
15268,1352,CR
15269,1010,CR 125
15270,1010,CR 250
15271,1010,CR 500
15272,1673,CR6
15273,1673,CR6 Pro
15274,1346,CRE
15275,1448,CRE 50
15276,1010,CRF 1000 Africa Twin
15277,1010,CRF 1100 Africa Twin
15278,1010,CRF 125
15279,1010,CRF 150
15280,1010,CRF 250
15281,1010,CRF 300
15282,1010,CRF 450
15283,1207,CRF 50
15284,1010,CRF 50
15285,1010,CRF 70
15286,1207,CRF 70
15287,1010,CRF 80
15288,1513,CRUSADER SUPER EDITION 110
15289,1513,CRUSADER SUPER EDITION BRUSHLESS 500
15290,1573,CUmini
15291,1573,CUx
15292,1337,CVO
15293,1337,CVO Limited
15294,1337,CVO Pro Street Breakout
15295,1337,CVO Road Glide
15296,1337,CVO Road Glide Limited
15297,1337,CVO Street Glide
15298,1250,CX-2
15299,1250,CX-5
15300,977,CX50
15301,977,CX65
15302,1265,CZ
15303,1310,Caballero 125
15304,1310,Caballero 500
15305,1310,Caballero 700
15307,1626,Cafe Racer
15306,1215,Cafe Racer
15308,1449,California
15309,1449,California 1400
15310,1243,Canyon
15311,1196,Caponord (ETV)
15312,1196,Caponord 1000
15313,1196,Caponord 1200
15314,1447,Capri
15315,1447,Caramella
15316,1256,Carry All 1
15317,1275,Centhor
15318,1428,Centro
15319,1502,Centurion
15320,1525,Century 125
15321,1357,Challenger
15322,1251,Champion
15323,1626,Charade Racing
15324,1502,Charger
15325,1379,Cheetah
15326,1199,Cheetah
15327,1357,Chief
15328,1357,Chieftain
15329,1217,Chinchilla 500
15330,1362,Chopper
15331,1309,Chrone SM
15332,1308,Chrono
15333,1309,Chrono SM
15334,1428,Ciak
15336,1554,Citation
15335,1555,Citation
15337,1213,Citibike
15338,1184,City
15339,1384,Cityblade
15340,1353,Classic
15341,1215,Classic
15342,1196,Classic
15343,1532,Classic 350
15344,1532,Classic 500
15345,1359,Classic Chop
15346,1275,Cobia
15347,1502,Cobra
15348,1207,Cobra
15349,1478,Cobra
15350,1182,Cobra 400
15351,1400,Code 125
15352,1348,Columbus
15353,1353,Comet
15354,1202,Commander
15355,1245,Commander XT
15356,1480,Commando
15357,1480,Commando 961
15358,1553,Condor
15359,1201,Conquest 6x6
15360,1201,Conquest 8x8
15361,1532,Continental GT 535
15362,1532,Continental GT 650
15363,1384,Cooper
15364,1451,Corsaro
15365,1451,Corsaro 1200
15366,1445,Cota 300RR
15367,1445,Cota 301RR
15368,1445,Cota 4RT
15369,1445,Cota 4Ride
15370,1199,Cougar
15371,1202,Coyote
15373,1459,Crogen Sport
15372,1460,Crogen Sport
15374,1667,Cromwell 1200
15375,1667,Cromwell 125
15376,1667,Cromwell 250
15377,1207,Cross
15378,1272,Cross City 125
15379,1617,Cross Country
15380,1199,Cross Country Cat
15381,1144,Cross Rider
15382,1617,Cross Roads
15383,1231,Cross-over
15384,1199,Crossfire
15385,1667,Crossfire 125
15386,1667,Crossfire 125 XS
15387,1667,Crossfire 125LC
15388,1667,Crossfire 125XS
15389,1667,Crossfire 500
15390,1667,Crossfire 500 X
15391,1667,Crossfire 500 XC
15392,1502,Crossover
15393,1538,Crown
15394,1353,Cruise
15395,1539,Cruiser
15396,1384,Cruiser
15397,1323,Cruiser 50
15398,1692,Cruisym
15399,1692,Cruisym 125
15400,1692,Cruisym 300
15401,1207,Crusade
15402,1461,Cubertino
15403,1366,Custom
15404,1337,Custom
15405,1202,Cyber
15406,1643,Cygnus
15407,1430,D
15408,1502,D-Bat
15409,1381,D-Tracker
15410,1438,D10
15411,1438,D42
15412,1438,D52
15413,1663,DB
15414,1225,DB5
15415,1225,DB6
15416,1225,DB7
15417,1225,DB8
15418,1518,DD 50
15419,1518,DD150
15420,1518,DD250
15421,1518,DD300
15422,1665,DESERTCROSS 1000
15423,1283,DJ125
15424,1283,DJ150
15425,1202,DK60
15426,1109,DL 1000 V-Strom
15427,1109,DL 1050 V-Strom
15428,1109,DL 250 V-Strom
15429,1109,DL 650 V-Strom
15430,1275,DL 901
15431,1275,DL603
15432,1109,DR 125
15433,1109,DR 200
15434,1109,DR 350
15435,1109,DR 600
15436,1109,DR 650
15437,1109,DR 800
15438,1109,DR-Z 125
15439,1109,DR-Z 250
15440,1109,DR-Z 400
15441,1109,DR-Z 50
15442,1579,DRAGON
15443,1467,DRK-01
15444,1177,DRR 100 WITH REVERSE
15445,1231,DS
15446,1654,DS
15447,1245,DS
15448,1478,DS67
15449,1654,DSR
15450,1654,DSR/X
15451,1202,DT
15452,1643,DT 125
15453,1643,DT 50
15454,1269,DT-200
15455,1269,DT-50
15456,1202,DT140
15457,1202,DT190
15458,1276,DTX1
15459,1276,DTX2
15460,1276,DTX3
15461,1276,DTX4
15462,1276,DTX5
15463,1276,DTX9
15464,1271,DXR
15465,1362,Dakar
15466,1357,Dakota
15467,1205,Dakota
15468,1362,Dandy
15469,1366,Dax
15470,1266,Daystar 125
15471,1266,Daystar 250
15472,1120,Daytona 600
15473,1120,Daytona 650
15474,1120,Daytona 660
15475,1120,Daytona 675
15476,1120,Daytona 765
15477,1120,Daytona 955
15478,1120,Daytona Moto2 765
15479,1502,Deep Snow
15480,1274,Defender
15481,1202,Defender
15483,1251,Delta
15482,1567,Delta
15484,1337,Deluxe
15485,1493,Demon
15486,1308,Desert
15487,1309,Desert YR
15488,1343,DesertStorm
15489,1284,DesertX
15490,1207,Deuauville
15491,1275,Diablo
15492,1275,Diamond Back
15493,1284,Diavel
15494,1284,Diavel 1260
15495,1284,Diavel V4
15496,1474,Dinno
15497,1275,Dino
15498,1207,Dirt Bike
15499,1431,Dirt Track 125
15500,1215,Dirtman
15501,1215,Discover
15502,1073,Django
15503,1480,Dominator
15504,1196,Dorsoduro
15505,1196,Dorsoduro 1200
15506,1196,Dorsoduro 750
15507,1196,Dorsoduro 900
15508,1403,Downtown
15509,1403,Downtown 125
15510,1403,Downtown 300
15511,1403,Downtown 350
15512,1643,Drag Star
15514,1478,Dragon
15513,1502,Dragon
15515,1680,Dragster
15516,1360,Dragster
15517,1680,Dragster 800
15518,1428,Drakon
15519,1430,Drift
15520,1576,Drifter
15521,1428,Dune
15522,1337,Dyna
15523,1337,Dyna Fat Bob
15524,1337,Dyna Glide
15525,1337,Dyna Low Rider
15526,1337,Dyna Street Bob
15527,1337,Dyna Super Glide
15528,1337,Dyna Switchback
15529,1337,Dyna Wide Glide
15531,1246,E
15530,1584,E
15532,1488,E-71
15533,1414,E-ATV ELECTRIC
15534,1202,E-M10/6
15535,1202,E-M11
15536,1417,E-M7
15537,1202,E-M7/6
15538,1215,E-Max
15539,1630,E-Speed
15540,1633,E-Speed
15541,1665,E-TRAILCROSS
15542,1384,E-ZI Mini
15543,1545,E110S
15544,1545,E125S
15545,1545,E300S
15546,1614,E450
15547,1614,E501
15548,1614,E570
15549,1614,E750
15550,1229,EAGLE
15551,1326,EC 250
15552,1326,EC 300
15553,1326,EC 350F
15554,1326,EC 450F
15555,1504,ED
15556,1478,EGL Farmer
15557,1207,EGL Motor
15558,1478,EGL Sport
15559,1478,EGL Street Hummer
15560,1305,EGW-08
15561,1305,EGW-09
15562,1305,EGW-P5
15563,1305,EGW-T3
15564,1673,EK1
15565,1673,EK1 Light
15566,1673,EK3
15567,1673,EK3 Deluxe
15568,1381,EL
15569,1624,EN
15572,1625,EN
15571,1381,EN
15570,1584,EN
15573,1381,EN 500
15574,1207,ENDURO
15575,1381,ER
15576,1381,ER-5
15577,1381,ER-6f
15578,1381,ER-6n
15579,1567,ERMAK 600L
15580,1567,ERMAK 600S
15581,1567,ERMAK 800L
15582,1468,ES
15583,1326,ES 700
15584,1424,ES8004
15585,1424,ES8004VII
15586,1424,ES8007
15587,1424,ES8008
15588,1424,ES8009
15589,1424,ES8018
15590,1576,ESF
15591,1615,ET2
15592,1615,ET4
15593,1468,ETS
15594,1196,ETV 1000 Caponord
15595,1471,ETZ 125
15596,1471,ETZ 150
15597,1471,ETZ 250
15598,1471,ETZ 251
15599,1221,EVO
15600,1381,EX
15601,1326,EX 250
15602,1326,EX 300
15603,1581,EXPRESS
15604,1199,EXT
15605,1215,Eagle
15606,1213,Eagle
15607,1300,Ego
15608,1221,Eikon
15609,1199,El Tigre
15611,1231,Elan
15610,1555,Elan
15612,1554,Elan
15613,1449,Eldorado
15614,1502,Electra
15615,1337,Electra Glide
15616,1337,Electra Glide Classic
15617,1337,Electra Glide Standard
15618,1337,Electra Glide Ultra Classic
15619,1337,Electra Glide Ultra Limited
15620,1207,Electric MiniMoto
15621,1207,Electric Racer
15622,1207,Electric Torino
15623,1447,Elegante
15624,1616,Elektron
15625,1381,Eliminator
15627,1226,Elite
15626,1372,Elite
15629,1398,Enduro
15631,1231,Enduro
15628,1445,Enduro
15630,1352,Enduro
15632,1215,Energy
15633,1571,Epico
15634,1194,Eres
15635,1296,Escape R
15636,1544,Escooter 125
15637,1300,EsseEsse9
15638,1416,Estilo
15639,1301,Euro
15640,1221,Euro
15641,1295,Europa
15642,1196,Europe
15643,1300,Eva
15644,1555,Everest
15645,1554,Everest
15646,1213,Evoliution
15647,1231,Expedition
15648,1300,Experia
15649,1384,Ezi-plus
15650,961,F 650
15651,961,F 650 CS
15652,961,F 650 GS
15653,961,F 650 ST
15654,961,F 700 GS
15655,961,F 750 GS
15656,961,F 800 GS
15657,961,F 800 GS Adventure
15658,961,F 800 GT
15659,961,F 800 R
15660,961,F 800 S
15661,961,F 800 ST
15662,961,F 850 GS
15663,961,F 850 GS Adventure
15664,961,F 900 GS
15665,961,F 900 GS Adventure
15666,961,F 900 R
15667,961,F 900 XR
15668,1199,F series
15669,1384,F-Act
15670,1428,F12
15671,1446,F125
15672,1428,F15
15673,1239,F20MX Cross
15674,1239,F20SM Motard
15675,1680,F3
15676,1680,F3 675
15677,1680,F3 800
15678,1446,F352
15679,1384,F352
15680,1680,F4
15681,1680,F4 1000
15682,1581,F409
15683,1581,F507
15684,1352,FC 250
15685,1352,FC 350
15686,1352,FC 450
15687,1352,FE 250
15688,1352,FE 350
15689,1351,FE 390
15690,1352,FE 450
15691,1351,FE 450
15692,1352,FE 501
15693,1351,FE 501
15694,1351,FE 570
15695,1641,FIRESHOT PRO+
15696,1643,FJ 1200
15697,1643,FJR
15698,1643,FJR 1300
15699,1215,FLASH
15700,1337,FLD Switchback
15701,1337,FLHR Road King
15702,1337,FLHRC Road King Classic
15703,1337,FLHX Street Glide
15704,1337,FLHXS Street Glide Special
15705,1337,FLHXSE CVO Street Glide
15706,1644,FMX
15707,1010,FMX 650
15708,1229,FORCE
15709,1513,FOX MAX 110
15710,1496,FP1
15711,1215,FR
15713,1215,FR50
15712,1319,FR50
15714,1401,FREERIDER
15715,1215,FRX
15716,1352,FS
15717,1351,FS 570
15718,1502,FS IQ
15719,1467,FSR
15720,1502,FST
15721,1320,FT100-10
15722,1357,FTR
15723,1357,FTR 1200
15724,1357,FTR 1200 Carbon
15725,1357,FTR 1200 Rally
15726,1357,FTR 1200 S
15727,1357,FTR Sport
15728,1207,FX
15730,1654,FX
15729,1352,FX
15731,1321,FX 125
15732,1321,FX 200
15733,1321,FX 250
15734,1351,FX 450
15735,1372,FX-3
15736,1521,FX1
15737,1319,FXD 125
15738,1337,FXDR
15739,1654,FXE
15740,1568,FXJ-2
15741,1643,FZ
15742,1643,FZ-1 N
15743,1643,FZ-6R
15744,1643,FZ-8
15745,1643,FZ-S 600
15746,1643,FZ1
15747,1643,FZ6
15748,1643,FZ8
15749,1643,FZR
15750,1643,FZR 1000
15751,1643,FZS
15752,1643,FZS 1000
15753,1643,FZS 600
15754,1384,Fact Evo
15755,1277,Factory R
15756,1646,Factory SP1
15757,1646,Factory SP2
15758,1646,Factory SP3
15759,1646,Factory SP3 F190
15760,1196,Falco
15762,1215,Falcon
15761,1213,Falcon
15763,1192,Falcon MS Cruiser
15764,1227,Fantasy
15765,1207,Farmer
15766,1337,Fat Bob
15767,1337,Fat Boy
15768,1467,Fat Sabbath
15769,1447,Fava
15770,1667,Felsberg 125
15771,1667,Felsberg 125 XC
15772,1667,Felsberg 250
15773,1692,Fiddle
15774,1692,Fiddle 125
15775,1692,Fiddle 150
15776,1536,Fiery 2000
15777,1207,Fighter
15778,1215,Fighter Eco
15779,1240,Firebolt
15780,1199,Firecat
15781,1431,Five Hundred 400
15782,1567,Flame 200
15783,1433,Flame X
15784,1384,Flash
15785,1547,Flash 50
15786,1671,Flat Track
15787,1442,Flat track
15788,1581,Flight Hawk
15789,1433,Flipper
15790,1074,Fly
15791,1074,Fly 125
15792,1074,Fly 150
15793,1074,Fly 50
15794,1623,Flying Dutchman
15795,1384,Focus
15796,1330,Folgore
15797,1231,Forest Fox
15800,1360,Formula
15798,1555,Formula
15799,1407,Formula
15801,1554,Formula
15802,1231,Formula Deluxe
15803,1641,Forrest
15804,1337,Forty-Eight
15805,1010,Forza 125
15806,1010,Forza 250
15807,1010,Forza 300
15808,1010,Forza 350
15809,1010,Forza 750
15810,1580,Fourcraft
15811,1202,Fourcraft
15812,1243,Freccia
15813,1030,Freeride
15814,1030,Freeride E
15815,1231,Freestyle
15816,1242,Frontera
15817,1502,Frontier
15818,1545,Fugleman
15819,1194,Fulgur
15820,1095,Fun buggy
15821,1095,Fun elec
15822,1095,Fun extrem
15823,1095,Fun quad
15824,1095,Fun runner
15825,1095,Fun tech
15826,1217,Funbike 300
15827,1331,Fuoco 500
15828,1330,Furia
15829,1456,Furia
15830,1502,Fusion
15831,1324,G
15832,1238,G 14
15833,961,G 310 GS
15834,961,G 310 R
15835,961,G 450 X
15836,961,G 650 GS
15837,961,G 650 X
15838,961,G 650 XChallenge
15839,961,G 650 XCountry
15840,961,G 650 XMoto
15841,1432,G 80
15842,1223,G.T.X.
15843,1476,G200GS
15844,1404,G350
15845,1642,G5
15846,1332,G725IS
15847,1353,GA
15848,1353,GF
15849,1010,GL 1000
15850,1010,GL 1100
15851,1010,GL 1200
15852,1010,GL 1500
15853,1010,GL 1800 Goldwing
15854,1248,GLADIATOR
15855,1109,GN 125
15856,1109,GN 250
15857,1404,GP 150
15858,1646,GP 187 Daytona
15859,1331,GP 800
15860,1247,GP450
15861,1272,GPR 125
15862,1272,GPR 50
15863,1381,GPX
15864,1474,GPX 4T
15865,1381,GPZ
15866,1682,GS
15867,1109,GS 1000
15868,1109,GS 125
15869,1109,GS 500
15870,1109,GS 550
15871,1109,GS 750
15872,1109,GSF 1200
15873,1109,GSF 1250
15874,1109,GSF 250
15875,1109,GSF 400
15876,1109,GSF 600
15877,1109,GSF 650
15878,1109,GSR 600
15879,1109,GSR 750
15882,1555,GSX
15881,1554,GSX
15880,1231,GSX
15883,1109,GSX 1100
15884,1109,GSX 1250
15885,1109,GSX 1300 R Hayabusa
15886,1109,GSX 1400
15887,1109,GSX 250
15888,1109,GSX 600
15889,1109,GSX 650
15890,1109,GSX 750
15891,1109,GSX 8R
15892,1109,GSX 8S
15893,1109,GSX-R 1000
15894,1109,GSX-R 1100
15895,1109,GSX-R 125
15896,1109,GSX-R 250
15897,1109,GSX-R 400
15898,1109,GSX-R 600
15899,1109,GSX-R 750
15900,1109,GSX-S 1000
15901,1109,GSX-S 125
15902,1109,GSX-S 750
15903,1109,GSX-S 950
15904,1353,GT
15905,1381,GT
15906,1406,GT Chopper 250
15907,1673,GT SLIDER
15908,1467,GT-SS
15909,1215,GT125
15910,1393,GT300
15911,1393,GT310
15912,1393,GT320
15913,1393,GT360
15914,1393,GT500
15916,1381,GTR
15915,1669,GTR
15917,1615,GTS 125
15918,1615,GTS 150
15919,1615,GTS 250
15920,1615,GTS 300
15921,1692,GTS 300
15922,1615,GTS Super
15923,1615,GTV 125
15924,1615,GTV 250
15925,1615,GTV 300
15926,1567,GUEPARD
15927,1567,GUEPARD 650 ST EFI
15928,1567,GUEPARD 650 TROPHY EFI
15929,1567,GUEPARD 650 TROPHY EFI EPS
15930,1567,GUEPARD 800G ST EFI
15931,1567,GUEPARD 800G TOURING EFI
15932,1567,GUEPARD 800G TROPHY EFI
15933,1567,GUEPARD 800G TROPHY EFI EPS
15934,1567,GUEPARD 800G TROPHY PRO
15935,1567,GUEPARD 800G TROPHY PRO EFI EPS
15936,1567,GUEPARD 850G TROPHY EPS EFI
15937,1567,GUEPARD 850G TROPHY PRO EFI EPS
15938,1353,GV
15939,1109,GW 250 Inazuma
15940,1502,Galaxy
15941,1384,Gallop
15942,1371,Gator 855D
15943,1601,Gear Up
15944,1582,Gecko RM
15945,1582,Gecko SX
15946,1551,Geco
15947,1502,General
15948,1407,Ghost
15949,1611,Gladiator
15950,1202,Gladiator
15951,1333,Go!
15952,1227,Grace
15953,1577,Gran Milano 440
15954,1243,Grand Canyon
15955,1403,Grand Dink
15956,1231,Grand Touring
15958,1555,GrandTouring
15957,1554,GrandTouring
15959,1447,Grande
15960,1451,Granpasso
15961,1360,Grifon
15962,1449,Griso
15963,1643,Grizzly
15964,1202,Grizzly
15965,1196,Gulliver
15966,1617,Gunner
15967,1381,H2 SX
15968,1571,HAWK
15969,1338,HD
15970,1345,HM1000
15971,1345,HM2
15972,1345,HM3
15973,1345,HM4
15974,1345,HM4LI
15975,1350,HN 125-8
15976,961,HP2
15977,961,HP4
15979,1671,HPS
15978,1442,HPS
15980,1671,HPS 125
15981,1671,HPS- 300
15982,1567,HUGO 110A
15983,1641,HUMMER PRO+
15984,1513,HUNTER SUPER EDITION 125
15985,1513,HUNTER SUPER EDITION 200
15986,1513,HUNTER SUPER EDITION 250
15987,1513,HUNTER SUPER EDITION 800
15988,1513,HUNTER SUPER EDITION BRUSHLESS 500
15989,1444,HX
15990,1529,HX500L
15991,1196,Habana
15992,1552,Habicht
15993,1502,Hammer
15994,1617,Hammer
15996,1340,Hawk
15995,1339,Hawk
15997,1109,Hayabusa
15998,1538,Henchman
15999,1666,Heritage
16000,1337,Heritage Softail Classic
16001,1666,Hero
16002,1241,Hero
16003,1316,High Noon
16004,1617,High-Ball
16005,1467,Hilts
16006,1532,Himalayan 411
16007,1532,Himalayan 450
16008,1266,History 125
16009,1478,Hobbit
16010,1493,Hobo
16011,1230,Hooligan 541
16012,1207,Hornet
16013,1010,Hornet
16014,1010,Hornet 600
16015,1010,Hornet 750
16016,1010,Hornet 900
16018,1207,Hummer
16019,1406,Hummer
16017,1478,Hummer
16020,1406,Hummer II
16021,1207,Hummer II
16022,1666,Hunt XC
16024,1202,Hunter
16023,1207,Hunter
16025,1532,Hunter 350
16026,1207,Hunter pro
16027,1384,Hurricane
16028,1352,Husky Boy
16029,1352,Husky Nox
16030,1215,Hyper
16031,1284,Hypermotard
16032,1284,Hypermotard 698
16033,1284,Hypermotard 796
16034,1284,Hypermotard 821
16035,1284,Hypermotard 939
16036,1284,Hypermotard 950
16037,1354,IKUDZO
16038,1384,Icon
16039,1329,Ideo
16040,1461,Ideo 125
16041,1461,Ideo 50
16042,1671,Imola
16043,1348,Imperator
16044,1218,Imperiale 400
16045,1493,Indigo
16046,1502,Indy
16047,1010,Integra 700
16048,1010,Integra 750
16049,1532,Interceptor 650
16050,1480,Interpol
16051,1109,Intruder 1400
16052,1109,Intruder 1500
16053,1109,Intruder 250
16054,1109,Intruder 750
16055,1109,Intruder 800
16056,1337,Iron 1200
16057,1337,Iron 883
16058,1310,Issimo
16059,1026,Italia
16060,1381,J
16061,1295,J4
16062,1295,J4 BOX
16063,1295,J4 PICKUP
16064,1295,J7
16065,1336,JH125 E
16066,1364,JH125-33
16067,1367,JL
16068,1389,JL125
16069,1389,JL150
16070,1389,JL200
16071,1389,JL200GY
16072,1275,JP
16073,1368,JP2300
16074,1365,JS200GY
16075,1643,JT
16076,1199,Jag
16077,1199,Jaguar
16078,1692,Jet 14
16079,1073,Jet Force
16080,1360,JetSet
16081,1221,Jonathan
16082,1407,Jota
16083,1692,Joymax
16084,1692,Joymax 300
16085,1200,Jubilaumsmodell
16086,1617,Judge
16087,1359,Judge
16088,1568,Juicebox3
16089,1478,Jumper
16090,1361,Jupiter
16091,1430,K
16092,961,K 1
16093,961,K 100
16094,1341,K 105
16095,961,K 1100
16096,961,K 1200
16097,961,K 1200 GT
16098,961,K 1200 LT
16099,961,K 1200 R
16100,961,K 1200 R Sport
16101,961,K 1200 RS
16102,961,K 1200 S
16103,1341,K 125
16104,961,K 1300 GT
16105,961,K 1300 R
16106,961,K 1300 S
16107,961,K 1600
16108,961,K 1600 B
16109,961,K 1600 GT
16110,961,K 1600 GTL
16111,961,K 1600 Grand America
16112,1341,K 180
16113,1278,K 650
16114,961,K 75
16115,1278,K 750
16116,1224,K-9
16117,1673,K1
16118,1679,K2
16119,1679,K2 PRO
16120,1679,K4
16121,1679,K5
16122,1679,K6
16123,1679,K6-R
16124,1567,KAPITAN S150
16125,1225,KB4
16126,1381,KDX
16127,1381,KE
16128,1381,KEF
16129,1381,KFX
16130,1381,KH
16131,1381,KL
16132,1381,KLE
16133,1381,KLF
16134,1381,KLR
16135,1381,KLV
16136,1381,KLX
16137,1207,KLX Style
16138,1381,KM
16139,1679,KMB
16140,1381,KMX
16141,1479,KQi3 Max
16142,1479,KQi3 Pro
16143,1479,KQi3 Sport
16144,1221,KR 250
16145,1663,KS
16146,1679,KT250
16147,1679,KT50
16148,1358,KTA-SN01
16149,1207,KTM 250cc
16150,1207,KTM Style
16151,1381,KVF
16152,1381,KX
16153,1381,KXF
16154,1382,KXP
16155,1381,KXT
16156,1381,KZ
16157,1568,KZR140
16158,1109,Katana
16159,1623,Killer
16160,1330,Kimeria
16161,1493,King
16162,1368,King BOX I
16163,1368,King BOX II
16164,1199,King Cat
16166,1502,Kingpin
16165,1617,Kingpin
16167,1073,Kisbee
16168,1199,Kitty Cat
16169,1384,Klight
16170,1468,Kobra 850
16171,1643,Kodiak
16172,1579,Komodo
16173,1430,L
16174,1413,LB50
16175,1567,LEOPARD 500 ST
16176,1567,LEOPARD 500 YS
16177,1567,LEOPARD 600 Y
16178,1567,LEOPARD 600 YL
16179,1567,LEOPARD 650 YL
16180,1567,LEOPARD 650 YS
16181,1412,LF125
16182,1412,LF150
16183,1412,LF200
16184,1412,LF250
16185,1412,LF400
16186,1217,LFC 700
16187,1414,LH40DA
16188,1414,LH50DU
16189,1646,LITE 88S
16190,1421,LJ125-A1
16191,1421,LJ125-B
16192,1421,LJ125-C
16193,1421,LJ125-D
16194,1421,LJ125-E
16195,1421,LJ125-F
16196,1421,LJ125-G
16197,1421,LJ125-K
16198,1421,LJ125-L
16199,1421,LJ150-A
16200,1421,LJ150-D
16201,1421,LJ150-T
16202,1421,LJ250
16203,1421,LJ250-2
16204,1421,LJ50QT-2L
16205,1421,LJ50QT-2L-03
16206,1231,LRV
16207,1109,LS 650 Savage
16208,1501,LX
16209,1615,LX 125
16210,1615,LX 150
16211,1615,LX 50
16212,1500,LX-50
16213,1500,LX-801
16214,1420,LX125T-16
16215,1420,LX125T-CIII
16216,1501,LX5
16217,1420,LX50QT-15
16218,1501,LXR
16219,1615,LXV 125
16220,1660,LZX
16221,1356,Lambros
16222,1295,Lanar-2
16223,1384,Landcruiser
16224,1414,Landforce 550L
16225,1414,Landforce 550L EPS
16226,1581,Laser RS
16227,1449,Le Mans
16228,1231,Legend
16231,1666,Legend
16232,1120,Legend
16229,1555,Legend
16230,1554,Legend
16233,1338,Legion
16234,1196,Leonardo
16235,1196,Leonardo 125
16236,1196,Leonardo 150
16237,1196,Leonardo 250
16238,1196,Leonardo 300
16239,1218,Leoncino 250
16240,1218,Leoncino 500
16241,1218,Leoncino 800
16242,1074,Liberty
16243,1074,Liberty 125
16244,1074,Liberty 150
16245,1295,Lidia
16246,1574,Light Bee
16247,1574,Light Bee X
16248,1403,Like
16249,1403,Like 125
16250,1403,Like 200
16251,1403,Like 50
16252,1576,Lil Drifter
16253,1646,Lite 125
16254,1337,Livewire
16255,1202,Lizzard
16256,1242,Lobito
16257,1337,Low Rider
16258,1337,Low Rider S
16259,1623,Lowbrow ProCruiser
16260,1576,Lucky Strike Soft Tail
16261,1073,Ludix
16262,1295,Lunar-1
16263,1194,Lupus
16265,1554,Lynx
16266,1199,Lynx
16264,1555,Lynx
16268,1439,M
16267,1682,M
16269,961,M 1000 R
16270,961,M 1000 RR
16271,961,M 1000 XR
16272,961,M 1000R
16273,1109,M 1500
16274,1109,M 1800 R
16275,1109,M 800
16276,1199,M series
16277,1278,M-72
16278,1202,M10
16279,1376,M12
16280,1414,M150
16281,1376,M16
16282,1441,M1A
16283,1240,M2 Cyclone
16284,1238,M20
16285,1295,M20K
16286,1414,M210
16287,1439,M4
16288,1295,M5
16289,1414,M550
16290,1414,M550 L
16291,1414,M550 L EPS
16292,1414,M565L EPS
16293,1414,M570I L EPS
16294,1414,M570L EPS EFI E5
16295,1414,M570L EPS EFI T3B
16296,1202,M7
16297,1601,M70
16298,1641,M9
16299,1231,MACH Z
16300,1207,MAD MAX
16301,1207,MADDEX
16302,1207,MADIX
16303,1181,MAXI
16304,1326,MC 125
16305,1326,MC 250
16306,1326,MC 250F
16307,1326,MC 350F
16308,1586,MC 36
16309,1326,MC 450F
16311,1586,MC 50
16310,1326,MC 50
16312,1326,MC 65
16313,1586,MC 80
16314,1326,MC 85
16315,1648,MD150-T
16316,1377,MDL 200 AUG
16317,1377,MDL 250
16318,1377,MDL GA009-3
16319,1449,MGX-21
16320,1231,MINI Z
16321,1301,MIlitary
16322,1436,MKX 50 Pro Bigfoot
16323,1567,MOROZ 600L
16324,1567,MOROZ 600S
16325,1568,MOTARD
16326,1074,MP3
12600,1074,MP3
16327,1074,MP3 250
16328,1074,MP3 300
16329,1074,MP3 400
16330,1074,MP3 500
16331,1479,MQi
16332,1479,MQi GT
16333,1479,MQi+
16334,1479,MQi+ Sport
16335,1525,MRT 125
16336,1525,MRT 50
16337,1315,MRX
16338,1297,MS01
16339,1297,MS02
16340,1297,MS03
16341,1297,MS04
16342,1010,MSX 125 Grom
16343,1643,MT-01
16344,1643,MT-03
16345,1643,MT-07
16346,1643,MT-09
16347,1643,MT-10
16348,1278,MT-10
16349,1278,MT-11
16350,1278,MT-12
16351,1643,MT-125
16352,1643,MT-15
16353,1278,MT-16
16354,1643,MT-25
16356,1278,MT-9
16355,1394,MT-9
16357,1584,MX
16358,1554,MX
16359,1196,MX
16360,1555,MX
16361,1624,MX
16362,1625,MX
16363,1196,MX 125
16364,1231,MX Z
16366,1555,MXZ
16365,1554,MXZ
16367,1555,Mach
16368,1554,Mach
16369,1293,Mad Max
16370,1534,MadAss 50
16371,1534,Madass 125
16372,1428,Madison
16373,1617,Magnum
16374,1502,Magnum
16375,1643,Majesty
16376,1681,Mammut 2000
16377,1196,Mana
16378,1196,Mana 850
16379,1225,Mantra
16380,1480,Manx
16381,1525,Marathon 125
16382,1525,Marathon 450
16384,1468,Mastiff
16385,1471,Mastiff
16383,1467,Mastiff
16386,1384,Matrix
16387,1628,Matrix 50
16389,1247,Maverick
16388,1245,Maverick
16390,1332,Max
16391,1692,Maxsym
16392,1692,Maxsym 400
16393,1692,Maxsym 600
16394,1692,Maxsym TL
16395,1074,Medley
16396,1074,Medley 125
16397,1074,Medley 150
16398,1223,Merc
16399,1532,Meteor 350
16400,1242,Metralla
16401,1073,Metropolis 400
16402,1643,Midnight Star
16403,1472,Mike Hailwood TT
16404,1571,Miku MAX
16405,1571,Miku Super
16406,1451,Milano
16407,1406,Mini
16408,1406,Mini Delta
16409,1207,Mini KLX
16410,1384,Mini atv
16411,1271,Minipit
16412,1223,Miss Behavin
16413,1243,Mito
16414,1196,Mojito Custom
16415,1467,Mongrel
16416,1207,Monkey
16417,1366,Monkey
16418,1406,Mono Cross
16419,1284,Monster
16420,1284,Monster 1100
16421,1284,Monster 1200
16422,1254,Monster 2000
16423,1254,Monster 3950
16424,1284,Monster 600
16425,1284,Monster 620
16426,1284,Monster 696
16427,1284,Monster 750
16428,1284,Monster 796
16429,1284,Monster 821
16430,1284,Monster 900
16431,1284,Monster 937
16432,1251,Montana
16433,1423,Montana XR1 125
16434,1213,Monza
16435,1346,Motard
16436,1221,Motard
16437,1196,Moto
16438,1589,Motocross One
16439,1589,Motocross Two
16440,1199,Mountain Cat
16441,1611,Mountrack
16442,1202,Muddy
16443,1381,Mule
16444,1272,Mulhacen 125
16445,1272,Mulhacen 659
16446,1284,Multistrada
16447,1284,Multistrada 1200
16448,1284,Multistrada 1260
16449,1284,Multistrada 950
16450,1284,Multistrada V4
16451,1398,Mustang
16452,1502,Mustang
16453,1581,Mystique
16454,1446,N125V
16455,1477,NB 125E
16456,1010,NC 700
16457,1010,NC 750
16458,1474,NC-N01
16459,1299,NOVA R3000
16460,1479,NQi
16461,1479,NQi Cargo
16462,1479,NQi GT
16463,1479,NQi GT Cargo
16464,1479,NQi GTS
16465,1479,NQi Sport
16466,1074,NRG
16467,1010,NSR 125
16468,1010,NSR 250
16469,1010,NSR 50
16470,1010,NT 1100
16471,1010,NT 650 Deauville
16472,1010,NT 700 Deauville
16473,1010,NX 250
16474,1010,NX 650
16475,1215,NXT300
16476,1215,Naked
16477,1217,Napoleon 500
16478,1243,Navigator
16479,1643,Neos
16480,1592,Neptun
16481,1591,Neptun
16482,1194,Nero
16483,1194,Nero S
16484,1449,Nevada
16485,1405,Nevada
16486,1331,Nexus 125
16487,1331,Nexus 250
16488,1331,Nexus 300
16489,1331,Nexus 500
16490,1337,Nightster
16491,1337,Nightster 975
16492,1337,Nightster Special
16493,1643,Niken
16494,1381,Ninja
16495,1381,Ninja 1000SX
16496,1381,Ninja 125
16497,1381,Ninja 650
16498,1381,Ninja H2
16499,1461,Nomad 125
16500,1352,Norden 901
16501,1449,Norge
16502,1352,Nuda
16503,1605,OCR 1000
16504,1606,OCR 1000
16505,1573,OFF-R
16506,1573,ON-R
16507,1485,ORIGINAL
16508,1412,ORION 125
16509,1581,Octane
16510,1617,Octane
16512,1555,Olympic
16511,1554,Olympic
16513,1231,Olympique
16514,1474,One
16515,1692,Orbit
16516,1692,Orbit 125
16517,1226,Origami B2
16654,1639,Other
16564,1307,Other
16565,1306,Other
16566,1305,Other
16567,1302,Other
16568,1301,Other
16569,1300,Other
16570,1299,Other
16571,1298,Other
16572,1297,Other
16573,1296,Other
16574,1295,Other
16575,1293,Other
16576,1670,Other
16577,1288,Other
16578,1287,Other
16579,1286,Other
16580,1285,Other
16581,1284,Other
16582,1283,Other
16583,1282,Other
16584,1281,Other
16585,1280,Other
16586,1279,Other
16587,988,Other
16588,1278,Other
16589,1277,Other
16590,1146,Other
16591,1276,Other
16592,1275,Other
16593,1274,Other
16594,1272,Other
16595,1271,Other
16596,1270,Other
16597,1269,Other
16598,1268,Other
16599,1267,Other
16600,1266,Other
16601,1265,Other
16602,1263,Other
16603,1669,Other
16604,1260,Other
16605,1259,Other
16606,1258,Other
16607,1144,Other
16608,977,Other
16609,1256,Other
16610,1234,Other
16611,1240,Other
16612,1241,Other
16613,1243,Other
16614,1254,Other
16615,1668,Other
16616,1252,Other
16617,1251,Other
16618,1250,Other
16619,1249,Other
16620,1248,Other
16621,1247,Other
16622,1246,Other
16623,1245,Other
16624,1244,Other
16625,1242,Other
16626,1239,Other
16627,1238,Other
16628,1667,Other
16629,1236,Other
16630,1233,Other
16631,1232,Other
16632,1231,Other
16633,1230,Other
16634,1229,Other
16635,1666,Other
16636,1227,Other
16637,1226,Other
16638,1225,Other
16639,1500,Other
16640,1626,Other
16641,1627,Other
16642,1628,Other
16643,1629,Other
16644,1630,Other
16645,1633,Other
16646,1700,Other
16647,1699,Other
16648,1701,Other
16649,1635,Other
16650,1637,Other
16651,1702,Other
16652,1638,Other
16653,1703,Other
16655,1641,Other
16656,1642,Other
16657,1644,Other
16658,1645,Other
16659,1646,Other
16660,1647,Other
16661,1648,Other
16662,1649,Other
16663,1651,Other
16664,1652,Other
16665,1654,Other
16666,1655,Other
16667,1705,Other
16668,1657,Other
16669,1658,Other
16670,1660,Other
16671,1661,Other
16672,1663,Other
16673,1664,Other
16674,1704,Other
16675,1624,Other
16676,1623,Other
16677,1622,Other
16678,1698,Other
16679,1621,Other
16680,1618,Other
16681,1617,Other
16682,1616,Other
16683,1614,Other
16684,1612,Other
16685,1611,Other
16686,1609,Other
16687,1608,Other
16688,1607,Other
16689,1606,Other
16690,1605,Other
16691,1603,Other
16692,1602,Other
16693,1697,Other
16694,1601,Other
16695,1600,Other
16696,1598,Other
16697,1597,Other
16698,1592,Other
16699,1625,Other
16700,1177,Other
16701,1184,Other
16702,1185,Other
16703,1591,Other
16704,1696,Other
16705,1589,Other
16706,1588,Other
16707,1587,Other
16708,1586,Other
16709,1584,Other
16710,1582,Other
16711,1695,Other
16712,1581,Other
16713,1694,Other
16714,1580,Other
16715,1693,Other
16716,1579,Other
16717,1692,Other
16718,1577,Other
16719,1576,Other
16720,1575,Other
16721,1574,Other
16722,1573,Other
16723,1691,Other
16724,1571,Other
16725,1690,Other
16726,1689,Other
16727,1568,Other
16728,1567,Other
16729,1566,Other
16730,1565,Other
16731,1564,Other
16732,1563,Other
16733,1685,Other
16734,1688,Other
16735,1562,Other
16736,1687,Other
16737,1561,Other
16738,1559,Other
16739,1558,Other
16740,1557,Other
16741,1555,Other
16742,1554,Other
16743,1553,Other
16744,1552,Other
16745,1686,Other
16746,1098,Other
16747,1551,Other
16748,1684,Other
16749,1549,Other
16750,1548,Other
16751,1547,Other
16752,1546,Other
16753,1545,Other
16754,1095,Other
16755,1544,Other
16756,1543,Other
16757,1542,Other
16758,1541,Other
16759,1539,Other
16760,1538,Other
16761,1537,Other
16762,1536,Other
16763,1535,Other
16764,1534,Other
16765,1531,Other
16766,1195,Other
16767,1196,Other
16768,1085,Other
16769,1530,Other
16770,1529,Other
16771,1528,Other
16772,1527,Other
16773,1526,Other
16774,1525,Other
16775,1524,Other
16776,1523,Other
16777,1522,Other
16778,1175,Other
16779,1521,Other
16780,1520,Other
16781,1519,Other
16782,1518,Other
16783,1515,Other
16784,1514,Other
16785,1513,Other
16786,1512,Other
16787,1510,Other
16788,1683,Other
16789,1218,Other
16790,1682,Other
16791,1506,Other
16792,1504,Other
16793,1503,Other
16794,1502,Other
16795,1501,Other
16796,1499,Other
16797,1074,Other
16798,1498,Other
16799,1497,Other
16800,1073,Other
16801,1496,Other
16802,1495,Other
16803,1493,Other
16804,1491,Other
16805,1490,Other
16806,1489,Other
16807,936,Other
16808,1488,Other
16809,1487,Other
16810,1485,Other
16811,1483,Other
16812,1482,Other
16813,1159,Other
16814,1480,Other
16815,1479,Other
16816,1478,Other
16817,1477,Other
16818,1476,Other
16819,1475,Other
16820,1474,Other
16821,1473,Other
16822,1472,Other
16823,1471,Other
16824,1470,Other
16825,1680,Other
16826,1468,Other
16827,1467,Other
16828,1681,Other
16829,1465,Other
16830,1464,Other
16831,1462,Other
16832,1461,Other
16833,1460,Other
16834,1459,Other
16835,1458,Other
16836,1456,Other
16837,1454,Other
16838,1453,Other
16839,1452,Other
16840,1451,Other
16841,1449,Other
16842,1448,Other
16843,1447,Other
16844,1446,Other
16845,1221,Other
16846,1445,Other
16847,1444,Other
16848,1442,Other
16849,1441,Other
16850,961,Other
16851,1440,Other
16852,1439,Other
16853,1438,Other
16854,1437,Other
16855,1436,Other
16856,1435,Other
16857,1433,Other
16858,1432,Other
16859,1431,Other
16860,1430,Other
16861,1429,Other
16862,1428,Other
16863,1427,Other
16864,1426,Other
16865,1425,Other
16866,1424,Other
16867,1423,Other
16868,1421,Other
16869,1420,Other
16870,1418,Other
16871,1417,Other
16872,1416,Other
16873,1414,Other
16874,1413,Other
16875,1412,Other
16876,1411,Other
16877,1409,Other
16878,1407,Other
16879,1406,Other
16880,1405,Other
16881,1404,Other
16882,1403,Other
16883,1402,Other
16884,1401,Other
16885,1030,Other
16886,1400,Other
16887,1398,Other
16888,1397,Other
16889,1396,Other
16890,1394,Other
16891,1393,Other
16892,1392,Other
16893,1389,Other
16894,1386,Other
16895,1679,Other
16896,1382,Other
16897,1380,Other
16898,1379,Other
16899,1378,Other
16900,1377,Other
16901,1376,Other
16902,1372,Other
16903,1371,Other
16904,1370,Other
16905,1369,Other
16906,1368,Other
16907,1367,Other
16908,1366,Other
16909,1364,Other
16910,1363,Other
16911,1359,Other
16912,1358,Other
16913,1224,Other
16914,1223,Other
16915,1222,Other
16916,1220,Other
16917,1217,Other
16918,1216,Other
16919,1215,Other
16920,1213,Other
16921,1212,Other
16922,1210,Other
16923,1207,Other
16924,1206,Other
16925,1205,Other
16926,1204,Other
16927,1203,Other
16928,1202,Other
16929,1201,Other
16930,1200,Other
16931,1199,Other
16932,1198,Other
16933,1194,Other
16934,1665,Other
16935,1192,Other
16936,1191,Other
16937,1188,Other
16938,1187,Other
16939,1186,Other
16940,943,Other
16941,1183,Other
16942,1182,Other
16943,1181,Other
16944,1178,Other
16945,1010,Other
16946,1615,Other
16947,1532,Other
16948,1352,Other
16949,1353,Other
16950,1357,Other
16951,1360,Other
16952,1361,Other
16953,1362,Other
16954,1365,Other
16955,1026,Other
16956,1381,Other
16957,1384,Other
16958,1109,Other
16959,1120,Other
16960,1643,Other
16961,1337,Other
16518,1678,Other
16519,1677,Other
16520,1676,Other
16521,1675,Other
16522,1674,Other
16523,1356,Other
16524,1354,Other
16525,1351,Other
16526,1350,Other
16527,1673,Other
16528,1349,Other
16529,1348,Other
16530,1347,Other
16531,1346,Other
16532,1345,Other
16533,1344,Other
16534,1343,Other
16535,1341,Other
16536,1340,Other
16537,1339,Other
16538,1338,Other
16539,1336,Other
16540,1335,Other
16541,1334,Other
16542,1333,Other
16543,1332,Other
16544,1331,Other
16545,1330,Other
16546,1672,Other
16547,1329,Other
16548,1149,Other
16549,1326,Other
16550,1324,Other
16551,1323,Other
16552,1321,Other
16553,1320,Other
16554,1319,Other
16555,1318,Other
16556,1317,Other
16557,1316,Other
16558,1315,Other
16559,1314,Other
16560,1671,Other
16561,1310,Other
16562,1309,Other
16563,1308,Other
16962,1343,Outback
16963,1231,Outlander
16964,1245,Outlander
16965,1245,Outlander Max
16966,1577,Outlaw
16967,1316,Outlaws Ruin
16968,1384,Outlook
16969,1491,P
16970,1531,P-ONE 10
16971,1531,P-One 8
16972,1531,P-One12
16973,1531,P-One15
16974,1665,PATHCROSS 1000L
16975,1665,PATHCROSS 1000L MUD PRO
16976,1665,PATHCROSS 1000S
16977,1665,PATHCROSS 1000S MUD PRO
16978,1665,PATHCROSS 525 L
16979,1665,PATHCROSS 525 S
16980,1665,PATHCROSS 650L
16981,1665,PATHCROSS 650S
16982,1665,PATHCROSS 850L
16983,1665,PATHCROSS 850S
16984,1317,PB
16985,1318,PB
16986,1010,PCX 125
16987,1010,PCX 150
16988,1615,PK 50
16989,1615,PK 80
16990,1185,PR4 Enduro
16991,1185,PR4 Supermotard
16992,1185,PR7
16993,1286,PRO SR
16994,1286,PRO SS 2.0
16995,1286,PRO SS 2.5
16996,1286,PRO SS 3.0
16997,1478,PS77
16998,1643,PW
16999,1615,PX 125
17000,1615,PX 150
17001,1615,PX 200
17002,1337,Pan America
17003,1337,Pan America 1250
17004,1337,Pan America 1250 Special
17005,1284,Panigale
17006,1284,Panigale V2
17007,1284,Panigale V4
17008,1199,Pantera
17010,1207,Panther
17009,1199,Panther
17012,1406,Panthera
17011,1478,Panthera
17013,1207,Panthera
17014,1194,Papilio
17015,1194,Papilio S
17016,1223,Paradox
17017,1384,Partner
17018,1207,PathCross 1000L
17019,1207,PathCross 1000S
17020,1207,PathCross 650L
17021,1207,PathCross 650S
17022,1207,PathCross 850L
17023,1207,PathCross 850S
17024,1207,PathCross MUD 1000L
17025,1207,PathCross MUD 1000S
17026,1601,Patrol
17027,1196,Pegaso
17028,1196,Pegaso 125
17029,1196,Pegaso 250
17030,1196,Pegaso 600
17031,1196,Pegaso 650
17032,1196,Pegaso Trail
17033,1581,Pegasus
17034,1215,Pentora
17035,1403,People
17036,1403,People 125
17037,1403,People 250
17038,1403,People GTi 300
17039,1502,Performance
17040,1428,Phantom
17041,1175,Phantom 125
17042,1447,Pianeta
17043,1442,Piega
17044,1671,Piega
17045,1646,Pilot F125
17046,1646,Pilot F150
17047,1362,Pioner
17048,1224,Pitbull
17049,1243,Planet
17051,1475,Planeta
17050,1361,Planeta
17052,1358,Pluton
17053,1207,Pocket Bike
17054,1207,Pocket Bike II
17055,1207,Pocket Bike III
17056,1207,Pocket Dirt Bike
17057,1502,Polaris
17058,1207,Polaris Style
17059,1372,Police Escort
17060,1669,Popcorn
17061,1199,Powder Special
17062,1381,Prairie
17063,1406,Predator
17064,1502,Predator
17065,1600,Premium
17066,1615,Primavera
17067,1615,Primavera 125
17068,1615,Primavera 150
17069,1615,Primavera 50
17071,1372,ProStreet
17070,1223,ProStreet
17072,1199,Prowler
17073,1199,Prowler 500
17074,1199,Prowler 650 XT
17075,1199,Prowler HDX
17076,1199,Prowler HDX 700
17077,1199,Prowler HDX Crew
17078,1199,Puma
17079,1314,Puncher
17080,1242,Pursang
17081,1357,Pursuit
17082,1478,Python
17083,1393,Q300
17084,1393,Q310
17085,1393,Q320
17086,1393,Q330
17087,1393,Q350
17088,1393,Q500
17090,1334,QM
17089,1335,QM
17091,1513,QWATV-01
17092,1513,QWATV-01C
17093,1513,QWATV-02
17094,1513,QWATV-02A
17095,1513,QWATV-02C
17096,1513,QWATV-02E
17097,1513,QWATV-02F
17098,1513,QWATV-08B
17099,1513,QWATV-08D
17100,1513,QWATV-08F
17101,1513,QWATV-08K
17102,1513,QWATY-08
17103,1513,QWDB-07B
17104,1513,QWDB-08B
17105,1513,QWEATV-08A
17106,1513,QWEATV-08B
17107,1513,QWMATV-01A
17108,1513,QWMATV-01B
17109,1513,QWMATV-01D
17110,1513,QWMATV-01E
17111,1513,QWMATV-01F
17112,1513,QWMATV-01G
17113,1513,QWMATV-04
17114,1513,QWMATV-05A
17115,1513,QWMATV-05B
17116,1513,QWMPB-02A
17117,1513,QWMPB-02B
17118,1378,Qingqi QM 125 GY
17119,1207,Quad Bike
17120,1207,Quad Bike Light
17121,1231,Quest
17122,1439,R
17123,961,R 100
17124,961,R 1100 GS
17125,961,R 1100 R
17126,961,R 1100 RS
17127,961,R 1100 RT
17128,961,R 1100 S
17129,961,R 1150 GS
17130,961,R 1150 R
17131,961,R 1150 RS
17132,961,R 1150 RT
17133,961,R 12 nineT
17134,961,R 1200 C
17135,961,R 1200 CL
17136,961,R 1200 GS
17137,961,R 1200 GS Adventure
17138,961,R 1200 R
17139,961,R 1200 RS
17140,961,R 1200 RT
17141,961,R 1200 S
17142,961,R 1200 ST
17143,961,R 1250 GS
17144,961,R 1250 GS Adventure
17145,961,R 1250 R
17146,961,R 1250 RS
17147,961,R 1250 RT
17148,961,R 1300 GS
17149,961,R 1300 GS Adventure
17150,961,R 1300 R
17151,961,R 1300 RS
17152,961,R 1300 RT
17153,961,R 18
17154,961,R 18 B
17155,961,R 18 Bagger
17156,961,R 18 Classic
17157,961,R 18 Roctane
17158,961,R 18 Transcontinental
17159,961,R 26
17160,961,R 35
17161,961,R 45
17162,961,R 50
17163,961,R 60
17164,961,R 65
17165,961,R 75
17166,961,R 80
17167,961,R 850
17168,961,R 850 GS
17169,961,R 850 R
17170,961,R 850 RT
17171,961,R 90
17172,961,R nineT
17173,961,R nineT Pure
17174,961,R nineT Racer
17175,961,R nineT Scrambler
17176,961,R nineT Urban G/S
17177,1643,R1
17178,1643,R125
17179,1581,R125X
17180,1530,R250
17181,1643,R3
17182,1581,R50X
17183,1643,R6
17184,1643,R7
17185,1513,RACER 1000
17186,1513,RACER 800
17187,1673,RANGER
17188,1030,RC 125
17189,1030,RC 200
17190,1030,RC 390
17191,1643,RD 350
17192,1643,RD 500
17193,1109,RF 600
17194,1109,RF 900
17195,1109,RG 125
17196,1109,RG 250
17197,1109,RG 500
17198,1109,RGV 250
17199,1519,RLGA-5dz
17200,1520,RLGA-5dz
17201,1109,RM 125
17202,1109,RM 250
17203,1109,RM 85
17204,1502,RMK
17205,1109,RMX 250
17206,1109,RMX 450
17207,1109,RMZ 250
17208,1109,RMZ 450
17209,1249,ROAR
17210,1221,RR
17211,1196,RS
17212,1577,RS 125
17213,1577,RS 300
17214,1406,RS Enduro
17215,1467,RS-13
17216,1525,RS3 125
17217,1525,RS3 50
17218,1393,RS300
17219,1393,RS310
17220,1393,RS330
17221,1393,RS500
17222,1393,RS500 T3b
17223,1196,RST
17224,1196,RSV
17225,1664,RT
17226,1146,RT 125
17227,1471,RT 125
17230,1196,RX
17228,1353,RX
17229,1221,RX
17231,1456,RX
17232,1231,RX
17233,1502,RXL
17234,1442,RZ
17235,1502,RZR
17236,1207,Racer
17237,1323,Racer 50
17238,1207,Racing
17241,1231,Rally
17239,1196,Rally
17240,1215,Rally
17242,1356,Rancor 800
17246,1231,Ranger
17245,1207,Ranger
17244,1202,Ranger
17243,1502,Ranger
17247,1447,Rapido
17253,1243,Raptor
17248,1215,Raptor
17249,1372,Raptor
17250,1175,Raptor
17251,1192,Raptor
17252,1478,Raptor
17254,1643,Raptor
17255,1207,Raptor Style
17256,1231,Rave
17257,1192,Raven
17258,1667,Rayburn 125
17259,1467,Razorback
17260,1316,Reach For The Sky
17262,1538,Reaper
17261,1223,Reaper
17263,1010,Rebel 1100
17264,1010,Rebel 250
17265,1010,Rebel 300
17266,1010,Rebel 500
17267,1611,Rebellian
17268,1196,Red Rose
17269,1468,Red Star 500
17271,1245,Renegade
17270,1231,Renegade
17272,1201,Response 8x8
17275,1295,Retro
17276,1369,Retro
17274,1184,Retro
17273,1194,Retro
17277,1221,Rev
17278,1461,Revolver 125
17279,1224,Ridgeback
17280,1680,Rivale
17281,1243,River
17282,1405,Road
17283,1337,Road Glide
17284,1337,Road Glide Custom
17285,1337,Road Glide Limited
17286,1337,Road Glide ST
17287,1337,Road Glide Special
17288,1337,Road Glide Ultra
17289,1337,Road King
17290,1337,Road King Classic
17291,1337,Road King Special
17292,1357,Roadmaster
17293,1357,Roadmaster Classic
17294,1357,Roadmaster Dark Horse
17295,1357,Roadmaster Elite
17296,1357,Roadmaster Limited
17297,1582,Roadrunner
17298,1490,Roadsta
17300,1337,Roadster
17303,1626,Roadster
17299,1194,Roadster
17301,1243,Roadster
17302,1437,Roadster
17304,1534,Roadster 800
17305,1266,Roadwin 125
17306,1362,Robby
17307,1571,Robo-S
17308,1571,Robo-SC CARGO
17309,1217,Rock 300
17310,1120,Rocket 3
17311,1120,Rocket III
17312,1423,Rockster 125 EVO
17313,1423,Rockster Flat 125 EVO
17314,1643,Royal Star
17315,1196,Rs Tuono
17316,1547,Rubi 50
17317,1331,Runner 125
17318,1331,Runner 180
17319,1331,Runner 200
17320,1331,Runner 50
17321,1680,Rush
17322,1245,Ryker
17323,1654,S
17324,1246,S
17325,961,S 1000 R
17326,961,S 1000 RR
17327,961,S 1000 XR
17328,1615,S 125
17329,1615,S 150
17330,1575,S 3
17331,1615,S 50
17332,1207,S-10
17333,1207,S-12
17334,1207,S-14
17335,1207,S-8
17336,1098,S01
13610,1098,S01
17337,1098,S01+
13612,1098,S02
17338,1098,S02
17339,1098,S03
13614,1098,S04
17340,1098,S04
17341,1642,S1
17342,1679,S110
17343,1679,S150
17344,1266,S2 125
17345,1679,S200
17346,1240,S3
17347,1266,S3 125
17348,1512,S350
17349,1240,S3T
17350,1614,S450
17351,1552,S50
17352,1614,S501
17353,1552,S51
17354,1552,S53
17355,1614,S570
17357,1679,S70
17356,1552,S70
17358,1567,SB 200
17359,1225,SB6
17360,1225,SB8
17361,1446,SC 125
17362,1446,SC 125 LX
17363,1513,SCOUT 125
17364,1548,SE 125
17365,1548,SE 250
17366,1548,SE 300
17367,1548,SEF 250
17368,1548,SEF 300
17369,1548,SEF 450
17370,1353,SF
17371,1109,SFV 650 Gladius
17372,1010,SH 125
17373,1010,SH 150
17374,1010,SH 300
17375,1010,SH 350
17376,1177,SHADE 600
17377,1177,SHADE 650LT EPS
17378,1177,SHADE 850LT EPS
17379,1673,SK1
17380,1546,SK250 X6
17381,1673,SK3
17382,1478,SKY
17383,1295,SKY
17385,1352,SM
17384,1625,SM
17386,1624,SM
17387,1504,SM
17390,1352,SM 125
17388,1577,SM 125
17389,1548,SM 125
17391,1646,SM 125S
17392,1577,SM 500
17393,1352,SM 510
17394,1352,SM 610
17395,1326,SM 700
17396,1279,SM 750
17397,1646,SM F150
17398,1646,SM F190
17399,1352,SM R 449
17400,1352,SM R 510
17402,1523,SMC
17401,1522,SMC
17403,1625,SME
17404,1624,SME
17405,1584,SMM
17406,1584,SMR
17407,1352,SMR
17408,1584,SMX
17410,1442,SMX Enduro
17409,1671,SMX Enduro
17412,1442,SMX Motard
17411,1671,SMX Motard
17413,1535,SNS 250 Jedi
17414,1177,SP400
17415,1654,SR
17416,1196,SR
17417,1643,SR 250
17418,1643,SR 400
17419,1643,SR 500
17420,1238,SR 500 Gold
17421,1654,SR/F
17422,1654,SR/S
17423,1614,SR450
17424,1552,SR50
17425,1614,SR600
17426,1552,SR80
17427,1510,SRG 600
17428,1510,SRK 600
17429,1510,SRK 700
17430,1386,SRT 5
17431,1510,SRT 550
17432,1510,SRT 750
17433,1196,SRV
17434,1510,SRV 550
17435,1238,SS 500 Gold Star
17436,1243,SST
17440,1557,ST
17437,1559,ST
17438,1366,ST
17439,1231,ST
17441,1558,ST
17442,1010,ST 1100 Pan European
17443,1548,ST 125
17444,1010,ST 1300 Pan European
17445,1548,ST 250
17446,1548,ST 300
17447,1284,ST2
17448,1284,ST3
17449,1284,ST4
17450,1401,START
17451,1579,STING MX
17452,1579,STING MX3
17453,1319,SUPERMOTO DB50PRO
17454,1109,SV 1000
17455,1109,SV 250
17456,1109,SV 400
17457,1109,SV 650
17458,1196,SX
17459,1679,SX50
17460,1196,SXR
17461,1196,SXV
17462,1541,SY
17463,1643,SZR
17464,1554,Safari
17466,1555,Safari
17465,1231,Safari
17467,1317,Sahara
17468,1499,Samurai
17469,1231,Sarasota
17470,1073,Satelis
17471,1468,Saxon
17472,1196,Scarabeo
17473,1552,Schwalbe
17474,1316,Scorcher
17475,1644,Scorpion
17476,1357,Scout
17477,1357,Scout Bobber
17478,1357,Scout Bobber Sixty
17479,1357,Scout Bobber Twenty
17480,1357,Scout Rogue
17481,1357,Scout Sixty
17482,1532,Scram 411
17486,1626,Scrambler
17487,1198,Scrambler
17483,1451,Scrambler
17484,1284,Scrambler
17485,1502,Scrambler
17488,1284,Scrambler 1100
17489,1120,Scrambler 1200
17490,1431,Scrambler 400
17491,1120,Scrambler 400 X
17492,1120,Scrambler 900
17493,1223,Screamin Demon
17494,1451,Seiemmezzo
17495,1272,Senda 125
17496,1272,Senda 50
17497,1431,Seventy 125
17498,1337,Seventy-Two
17499,1379,Seyhan
17500,1010,Shadow
17501,1207,Shadow
17502,1010,Shadow 1100
17503,1010,Shadow 600
17504,1010,Shadow 750
17505,1242,Sherpa
17506,1207,Shineray
17507,1196,Shiver
17508,1532,Shotgun 650
17509,1468,Silver Star
17510,1010,Silver Wing 600
17511,1493,Simpler
17512,1555,Skandic
17514,1231,Skandic
17513,1554,Skandic
17516,1468,Skorpion
17515,1471,Skorpion
17517,1495,Sky 25
17518,1495,Sky 50
17519,1433,Skyliner
17520,1359,Slammer
17521,1223,Sled
17522,1545,Snarler AT5 L
17523,1545,Snarler AT5 S
17524,1545,Snarler AT6 L
17525,1545,Snarler AT6 S
17526,1337,Softail
17527,1337,Softail Custom
17528,1337,Softail Deluxe
17529,1337,Softail Slim
17530,1337,Softail Standard
17531,1601,Solo sT
17532,1196,Sonic
17533,1475,Sovjet Knight
17534,1513,Spark
17535,1671,Spartan
17537,1356,Spartan
17536,1442,Spartan
17538,1552,Spatz
17539,1120,Speed 400
17540,1120,Speed Four
17541,1120,Speed Triple
17542,1120,Speed Triple 1050
17543,1120,Speed Triple 1200 RR
17544,1120,Speed Triple 1200 RS
17545,1120,Speed Twin
17546,1120,Speed Twin 900
17547,1623,Speedball
17548,1073,Speedfight 125
17549,1073,Speedfight 50
17550,1534,Speedforce
17551,1120,Speedmaster
17552,1207,Speedstar
17553,1478,Speedy
17554,1552,Sperber
17555,1428,Spidermax
17557,1241,Spirit
17556,1666,Spirit
17558,1247,Spitfire
17559,1231,Sport
17560,1207,Sport
17561,1493,Sport 150
17562,1199,Sport Cat
17563,1671,Sport Classic 125
17564,1671,Sport Classic 300
17565,1337,Sport Glide
17566,1196,Sportcity
17568,1601,Sportsman
17567,1502,Sportsman
17569,1337,Sportster
17570,1337,Sportster S
17571,1337,Sportster XL
17572,1357,Springfield
17573,1357,Springfield Dark Horse
17576,1120,Sprint
17574,1205,Sprint
17575,1215,Sprint
17577,1615,Sprint 125
17578,1615,Sprint 150
17579,1615,Sprint 50
17580,1120,Sprint GT
17581,1120,Sprint RS
17582,1120,Sprint ST
17583,1356,Sprint Sport
17584,1295,Sprite-3
17586,1372,Spyder
17587,1231,Spyder
17585,1245,Spyder
17588,1331,Stalker 50
17589,1600,Standard
17590,1552,Star
17591,1386,Stardust
17592,1563,Stardust
17593,1646,Start 125SE
17594,1646,Start F125
17595,1646,Start F125S
17596,1646,Start F88S
17597,1646,Start F88SE
17598,1573,Stash
17599,1449,Stelvio
17600,1579,Sting
17601,1579,Sting 60v
17602,1579,Sting R
17603,1579,Sting R MX4
17604,1579,Sting R MX5
17605,1628,Storm 50
17606,1574,Storm Bee
17607,1680,Stradale
17609,1554,Stratos
17610,1555,Stratos
17608,1215,Stratos
17611,1177,Streak
17613,1356,Street
17612,1215,Street
17614,1337,Street 500
17615,1337,Street 750
17616,1210,Street Bike 125cc
17617,1337,Street Bob
17618,1120,Street Cup
17619,1192,Street Fighter
17620,1337,Street Glide
17621,1337,Street Glide ST
17622,1337,Street Glide Special
17623,1215,Street R
17624,1337,Street Rod
17626,1626,Street Scrambler
17625,1120,Street Scrambler
17627,1120,Street Triple
17628,1120,Street Triple 660
17629,1120,Street Triple 675
17630,1120,Street Triple 765
17631,1120,Street Triple R
17632,1120,Street Triple RS
17633,1120,Street Twin
17634,1411,Street125
17635,1284,Streetfighter
17636,1284,Streetfighter 848
17637,1284,Streetfighter V2
17638,1284,Streetfighter V4
13913,1085,Streetwise
17639,1085,Streetwise
17640,1493,Strike
17641,1554,Summit
17642,1555,Summit
17643,1231,Summit
17644,1667,Sunray 125
17645,1403,Super 8
17646,1403,Super 9
17647,1357,Super Chief
17648,1357,Super Chief Dark Horse
17649,1357,Super Chief Limited
17650,1532,Super Meteor 650
17651,1381,Super Sherpa
17652,1337,SuperLow
17653,1343,SuperMotard
17654,1343,SuperMotard 950
17655,1669,SuperMoto
17656,1284,SuperSport
17657,1284,SuperSport 939
17658,1284,SuperSport 950
17659,1330,SuperTwin
17660,1243,Supercity
17661,1669,Supercross
17662,1577,Superdual 650
17663,1337,Superlow 1200T
17665,1398,Supermotard
17664,1551,Supermotard
17666,1589,Supermotard One
17667,1589,Supermotard Two
17668,1352,Supermoto
17669,1221,Supermoto 50
17670,1568,Superstomp
17671,1680,Superveloce
17672,1680,Superveloce 800
17673,1352,Svartpilen
17674,1352,Svartpilen 125
17675,1352,Svartpilen 200
17676,1352,Svartpilen 250
17677,1352,Svartpilen 401
17678,1352,Svartpilen 701
17679,1352,Svartpilen 801
17680,1692,Symphony
17681,1692,Symphony 125
17682,1692,Symphony 200
17683,1692,Symphony 50
17685,1362,T
17684,1491,T
17686,1655,T-10 LR
17687,1655,T-5100
17688,1655,T-6100
17689,1655,T-7100
17690,1414,T-Boss 550 EPS
17693,1215,T-Rex
17691,1244,T-Rex
17692,1478,T-Rex
17694,1541,T-Ride
17695,1446,T1002VX
17696,1446,T125
17697,1446,T125X
17698,1679,T2
17699,1597,T200M
17700,1446,T352X
17701,1679,T4
17702,1679,T4 300
17703,1568,T4 ENDURO
17704,1446,T502X
17705,1199,T660
17706,1581,TARGET 525
17707,1581,TARGET 600 EPS
17708,1573,TC
17709,1352,TC
17710,1352,TC 125
17711,1352,TC 250
17712,1352,TC 449
17713,1352,TC 65
17714,1352,TC 85
17715,1573,TC Wanderer
17716,1573,TCmax
17717,1679,TD110 EFI
17718,1679,TD125
17719,1679,TD125R
17720,1643,TDM 850
17721,1643,TDM 900
17722,1643,TDR
17723,1352,TE
17724,1352,TE 125
17725,1352,TE 250
17726,1351,TE 250
17728,1352,TE 300
17727,1351,TE 300
17729,1352,TE 449
17730,1352,TE 511
17731,1352,TE 610
17732,1352,TE310
17733,1332,TEEROX 550L
17734,1332,TERROX 1000 Premium
17735,1332,TERROX 1000 Standart
17736,1332,TERROX 400L
17737,1332,TERROX 500L
17738,1513,TIGER FORST 125
17739,1513,TIGER PRO 1200
17740,1109,TL 1000 R
17741,1109,TL 1000 S
17742,1587,TM110
17743,1588,TM110
17744,1587,TM150
17745,1588,TM150
17747,1588,TM250
17746,1587,TM250
17748,1643,TMAX
17750,1555,TNT
17749,1554,TNT
17751,1218,TNT 1130
17752,1218,TNT 125
17753,1218,TNT 135
17754,1218,TNT 25
17755,1218,TNT 300
17756,1218,TNT 600
17757,1218,TNT 600 GT
17758,1218,TNT 899
17759,1218,TNT R
17760,1412,TORNADO 150
17761,1221,TR
17762,1352,TR650R
17763,1665,TRAILCROSS 250
17764,1665,TRAILCROSS 400
17765,1513,TREX 125
17766,1401,TRIAL
17767,1218,TRK 125
17768,1218,TRK 251
17769,1218,TRK 502
17770,1218,TRK 502 X
17771,1218,TRK 502X
17772,1218,TRK 702
17773,1218,TRK 702 X
17774,1199,TRV
17775,1573,TS
17776,1468,TS
17777,1471,TS 125
17778,1471,TS 150
17779,1471,TS 250
17780,1679,TS70
17781,1679,TS90
17782,1679,TS90 R
17783,1679,TSD110
17784,1573,TSx
17786,1120,TT 600
17785,1643,TT 600
17787,1679,TT125
17788,1679,TT125 EFI
17789,1679,TT140
17790,1679,TT160
17791,1679,TT190R
17793,1643,TTR
17792,1358,TTR
17794,1681,TTS 1300
17795,1643,TW 125
17796,1643,TW 200
17797,1352,TX
17798,1326,TXT
17799,1643,TZR
17800,1493,Taker 250
17801,1213,Tanco
17802,1525,Tango 125
17803,1202,Tao
17804,1581,Tapo
17805,1301,Taurus
17806,1643,Tenere 700
17807,1381,Tengai
17808,1272,Terra 125
17809,1215,Terrax
17810,1381,Teryx
17811,1225,Tesi
17812,1359,Texas Chopper
17813,1524,Thor
17814,1120,Thruxton
17815,1120,Thruxton 1200
17816,1120,Thruxton 900
17817,1120,Thruxton R
17818,1120,Thruxton RS
17819,1433,Thunder
17820,1120,Thunderbird
17821,1301,Thunderbird
17822,1120,Thunderbird 1600
17823,1120,Thunderbird 1700
17824,1532,Thunderbird 350
17825,1532,Thunderbird 500
17826,1120,Thunderbird Storm
17827,1532,Thunderbird X
17828,1240,Thunderbolt
17829,1199,Thundercat
17830,1589,Tial Two
17832,1379,Tiger
17831,1120,Tiger
17833,1207,Tiger
17834,1120,Tiger 1050
17835,1120,Tiger 1200
17836,1120,Tiger 660 Sport
17837,1120,Tiger 800
17838,1120,Tiger 850 Sport
17839,1120,Tiger 900
17840,1120,Tiger Explorer
17841,1120,Tiger Sport
17842,1120,Tiger Sport 660
17843,1120,Tiger Sport 800
17844,1379,Tigrina
17845,988,Tomahawk
17846,1207,Torino
17847,1452,Tornado 650
17848,1513,Tornado AT
17849,1513,Tornado MT
17850,1218,Tornado Naked T
17851,1478,Toronto
17852,1337,Tour Glide
17853,1555,Touring
17854,1231,Touring
17855,1554,Touring
17856,1502,Touring Cruiser
17857,1601,Tourist
17858,1643,Tracer 7
17859,1643,Tracer 700
17860,1643,Tracer 9
17861,1643,Tracer 900
17862,1287,Track T
17863,1666,Tracker
17864,1502,Trail
17865,1502,Trail Blazer
17866,1010,Transalp 600
17867,1010,Transalp 650
17868,1010,Transalp 750 (XL750)
17870,1231,Traxter
17869,1245,Traxter
17871,1215,Tres
17872,1207,Trex
17873,1337,Tri Glide Ultra
17874,1589,Trial One
17875,1356,Tribe
17876,1493,Tribute
17877,1487,Tricycle
17878,1120,Trident 660
17879,1567,Trigger
17880,1120,Trophy
17881,1120,Trophy 1200
17882,1356,Truck 500
17883,1356,Truck 700
17884,1196,Tuareg
17885,1231,Tundra
17886,1196,Tuono
17887,1473,Turbo Diesel 1400
17888,1680,Turismo Veloce
17889,1120,Tuxedo
17890,1073,Tweet 125
17891,1073,Tweet 150
17892,1431,Two Fifty 250
17893,1502,Two-up Touring
17894,1074,Typhoon
17895,1074,Typhoon 125
14170,1026,UFO
17896,1026,UFO
17897,1109,UH 125 Burgman
17898,1109,UH 200 Burgman
17899,1479,UQi
17900,1479,UQi GT
17901,1479,UQi Sport
17902,1301,US
17903,1545,UT6
17904,1414,UTV 1100 D EPS
17905,1629,Ugo
17906,1430,Ultimate
17907,1574,Ultra Bee
17908,1337,Ultra Classic
17909,1337,Ultra Limited
17910,1240,Ulysses
17911,1329,Urano
17912,1231,Utility
17913,1626,V
17914,1229,V-3
17915,1229,V-5
17916,1666,V-BOB
17917,1643,V-Max
17918,1243,V-Raptor
17919,1337,V-Rod
17920,1337,V-Rod Muscle
17921,1109,V-Strom 1000
17922,1109,V-Strom 1050
17923,1109,V-Strom 250
17924,1109,V-Strom 650
17925,1109,V-Strom 800
17926,1611,V-Thunder
17927,1449,V100 Mandello
17928,1404,V125
17929,1244,V13R
17930,1626,V2
17931,1404,V200
17932,1295,V28
17933,1480,V4
17934,1480,V4SV
17935,1449,V7
17936,1449,V7 Stone
17937,1449,V85 TT
17938,1449,V9
17939,1449,V9 Bobber
17940,1449,V9 Roamer
17941,1608,VASSLA
17942,1626,VB1
17943,1285,VENTO
17944,1010,VF
17945,1010,VFR 1200
17946,1010,VFR 750
17947,1010,VFR 800
17948,1010,VFR Crossrunner
17949,1010,VFR Crosstourer
17950,1567,VIKING 600 ST v2.0
17951,1567,VIKING 600 v2.0
17952,1567,VIKING 800 v2.0
17953,1513,VIPER MAX BRUSHLESS 500
17954,1567,VITAZ SA800
17955,1266,VJF 125
17956,1109,VL 1500
17957,1381,VN
17958,1188,VR
17959,1338,VR
17960,1337,VRSCD Night Rod
17961,1337,VRSCDX Night Rod Special
17962,1337,VRSCF V-Rod Muscle
17963,1337,VRSCR Street Rod
17964,1109,VS 1400
17965,1109,VS 600
17966,1109,VS 750
17967,1109,VS 800
17968,1010,VT Shadow
17969,1010,VTR
17970,1010,VTR 1000
17971,1010,VTX 1300
17972,1010,VTX 1800
17973,1109,VZ 1500
17974,1109,VZ 1600
17975,1440,VZ 3
17976,1109,VZ 800
17977,1010,Valkyrie
17978,1201,Vanguard 6x6
17979,1201,Vanguard2 6x6
17980,1577,Varez
17981,1566,Varg
17982,1272,Variant
17983,1617,Vegas
17984,1502,Vegas
17985,1360,Velocifero
17986,1223,Venom
17987,1461,Ventura 125
17988,1381,Versys
17989,1010,Vigor
17990,1545,Villain
17991,1538,Villain
17992,1357,Vintage
17993,1628,Viper
17994,1358,Virago
17995,1643,Virago
17996,1010,Vision
17997,1617,Vision
17998,1295,Vista-1
17999,1295,Vista-2
18000,1295,Vista-K1
18001,1352,Vitpilen
18002,1352,Vitpilen 125
18003,1352,Vitpilen 250
18004,1352,Vitpilen 401
18005,1352,Vitpilen 701
18006,1352,Vitpilen 801
18007,1447,Viva
18008,1073,Vivacity
18009,1581,Vivo
18010,1461,Vizion
18011,1215,Volcano
18012,1461,Voltz
18013,1381,Voyager
18014,1381,Vulcan
18015,1381,W
18016,1243,W 12
18017,1243,W 16
18018,1341,W 2000
18019,1629,W1
18020,1629,W2
18021,1629,W3
18022,1513,WARRIOR SUPER EDITION 125
18023,1665,WORKCROSS 1000
18024,1665,WORKCROSS 650
18025,1352,WR
18026,1643,WR 125
18027,1643,WR 250
18028,1643,WR 450
18029,1352,WRE
18030,1352,WRK
18031,1453,WRX
18032,1635,WV-DB006
18033,1538,Warlord
18034,1478,Warrior
18035,1207,Warrior
18036,1207,Warrior pro
18037,1240,White
18038,1461,Whizz
18039,1337,Wide Glide
18040,1502,Wide Trak
18041,1356,Wiki
18042,1199,Wild Cat
18043,1199,Wild Cat Trail XT
18044,1199,Wildcat
18045,1199,Wildcat Limited
18046,1199,Wildcat Sport XT
18047,1628,Wind 50
18048,1210,Wolf 200
18049,1602,WorkCross 1000
18050,1603,WorkCross 1000
18051,1603,WorkCross 650
18052,1602,WorkCross 650
18053,1502,Worker
18054,1246,X
18055,1581,X MOTION
18056,1497,X Rider
18057,1010,X-ADV
18058,1451,X-Cape
18059,1461,X-Nord 125
18060,1431,X-Ride 125
18061,1534,X-Road 125
18062,1403,X-Town
18063,1403,X-Town 125
18064,1403,X-Town 300
18065,1240,X1 Lightning
18066,1074,X10
18067,1295,X12
18068,1295,X12 MAX
18069,1240,X1W Lightning
18070,1501,X2
18071,1579,X3 CONCEPT
18072,1579,X3 MX
18073,1579,X3 PRO
18074,1404,X300
18075,1393,X300A
18076,1393,X300M
18077,1074,X9
18078,1202,XB-18
18079,1202,XB-27
18080,1202,XB-28
18081,1202,XB-39
18082,1202,XB-47
18083,1202,XB-68
18084,1202,XB-83
18085,1502,XC
18086,1199,XC
18087,1199,XC 450 EFT
18088,1199,XC 450i EFT
18089,1368,XD
18090,1284,XDiavel
18091,1310,XEF 250
18092,1310,XEF 450
18093,1638,XF 125
18094,1109,XF 650 Freewind
18095,1337,XG 500
18096,1337,XG 750
18097,1643,XJ 600
18098,1643,XJ 650
18099,1643,XJ 700
18100,1643,XJ 750
18101,1643,XJ 900
18102,1643,XJR 1200
18103,1643,XJR 1300
18104,1337,XL 1200
18105,1010,XL 125
18106,1010,XL 250
18107,1010,XL 600
18108,1010,XL 650
18109,1010,XL 700
18110,1010,XL 750 Transalp
18111,1337,XL 883
18112,1010,XL Varadero
18113,1258,XL-4L
18114,1271,XLR
18115,1010,XLR
18116,1502,XLT
18117,1010,XLV
18118,1310,XMF 125
18119,1575,XN 506
18120,1231,XP
18121,1337,XR 1200
18122,1010,XR 125
18123,1010,XR 250
18124,1010,XR 400
18125,1010,XR 50
18126,1010,XR 600
18127,1010,XR 650
18128,1202,XR-99
18129,1010,XRV 750 Africa Twin
18130,1353,XRX
18131,1643,XS 650
18132,1643,XSR 125
18133,1643,XSR 700
18134,1643,XSR 900
18135,1199,XT
18136,1221,XT
18137,1643,XT 1200
18138,1643,XT 250
18139,1643,XT 350
18140,1643,XT 600
18141,1643,XT 660
18142,1643,XT 700
18143,1281,XT250- 16
18144,1513,XTRAIL
18145,1221,XTrainer
18146,1643,XV 1100 Virago
18147,1643,XV 1700
18148,1643,XV 1900
18149,1643,XV 250 Virago
18150,1643,XV 535 Virago
18151,1643,XV 750 Virago
18152,1643,XV 920 Virago
18153,1643,XVS 1100
18154,1643,XVS 1300
18155,1643,XVS 650
18156,1420,XWOLF 1000
18157,1420,XWOLF 1000 MUD
18158,1420,XWOLF 1000 MUDDY
18159,1420,XWOLF 200
18160,1420,XWOLF 300
18161,1420,XWOLF 550L
18162,1420,XWOLF 700L
18163,1420,XWOLF 700L MUD PRO
18164,1549,XY250-5A
18165,1409,XY400GY
18166,1637,XZ250 Cross
18167,1403,Xciting
18168,1403,Xciting 400
18169,1403,Xciting 500
18170,1329,Xor
18171,1502,Xpedition
18172,1502,Xplorer
18173,1243,Xtra-Raptor
18174,1231,Xtrim
18175,1464,Y2K
18176,1225,YB11
18177,1648,YB125T-12
18178,1648,YB125T-23
18179,1648,YB200
18180,1648,YB250
18181,1648,YB50QT-18
18182,1648,YB50QT-3
18183,1648,YB50QT-4
18184,1648,YB50QT-9
18185,1648,YB50T-23
18186,1643,YBR 125
18187,1483,YG200-9
18188,1482,YG200-9
18189,1220,YY125T-10
18190,1220,YY125T-19
18191,1220,YY125T-25
18192,1220,YY125T-26
18193,1220,YY125T-3B
18194,1220,YY125T-5C
18195,1220,YY125T-6
18196,1220,YY150-10T
18197,1220,YY150T-4
18198,1220,YY150T-6
18199,1220,YY150T-B
18200,1220,YY50QT
18201,1220,YY50QT-11
18202,1220,YY50QT-15
18203,1220,YY50QT-2
18204,1220,YY50QT-22
18205,1220,YY50QT-3
18206,1220,YY50QT-5
18207,1649,YY50QT-5
18208,1220,YY50QT-6
18209,1649,YY50QT-6
18210,1220,YY50QT-8
18211,1643,YZ 125
18212,1643,YZ 250
18213,1643,YZ 250F
18214,1643,YZ 450F
18215,1643,YZ 50
18216,1643,YZ 65
18217,1643,YZ 85
18218,1644,YZF
18219,1643,YZF
18220,1582,YZF
18221,1643,YZF-R1
18222,1643,YZF-R125
18223,1643,YZF-R3
18224,1643,YZF-R6
18225,1643,YZF-R7
18226,1215,Yadea E8S
18227,1215,Yadea T2
18228,1207,Yeti
18229,1231,Yeti
18230,1356,Yeti 500
18231,1356,Yeti 700
18232,1245,Youth
18233,1199,Youth
18234,1502,Youth
18235,1381,Z
18236,1199,Z series
18237,1344,Z-350
18238,1295,Z1
18239,1568,Z140
18240,1651,Z2
18241,1642,Z3
18242,1010,Z50
18243,1381,ZG
18244,1199,ZL
18245,1381,ZL
18246,1658,ZN125T-15
18247,1658,ZN125T-15B
18248,1658,ZN125T-18
18249,1658,ZN125T-7A
18250,1609,ZN50QT
18251,1658,ZN50QT-15A
18252,1658,ZN50QT-15D
18253,1658,ZN50QT-15E
18254,1658,ZN50QT-8A
18255,1199,ZR
18256,1381,ZR
18257,1381,ZRX
18258,1660,ZS
18259,1378,ZS 125
18260,1621,ZS50-F
18261,1381,ZX (Ninja)
18262,1381,ZX-R
18263,1534,ZZ 125
18264,1381,ZZR
18265,1205,Zenith
18266,1381,Zephyr
18267,1074,Zip
18268,1074,Zip 50
18269,1010,Zoomer
18270,1643,Zuma
18271,1601,cT
18272,1679,eA110
18273,1679,eA50
18274,1679,eA70
18275,1679,eKMB
18276,1679,eS125
18277,1679,eS50
18278,1679,eS70
18279,1679,eT110
18280,1203,esPro 70
18281,1528,gt5-125
18282,1393,iQ100
18283,1393,iQ120
18284,1393,iQ130
18285,1393,iQ140
18286,1393,iQ180
18287,1393,iQ310
18288,1393,iQ330
18289,1393,iQ350
18290,1280,iTango
18291,1280,iTank
